Dataset,User ID,AI Preferred,Human Preferred,ratio_ai
confederacy,user1,1,11,0.08333333333333333
confederacy,user10,1,11,0.08333333333333333
confederacy,user2,5,7,0.4166666666666667
confederacy,user3,1,11,0.08333333333333333
confederacy,user4,0,12,0.0
confederacy,user5,7,5,0.5833333333333334
confederacy,user6,0,12,0.0
confederacy,user7,3,9,0.25
confederacy,user8,3,9,0.25
confederacy,user9,6,5,0.5454545454545454
ttcw,Expert0,0,3,0.0
ttcw,Expert1,0,48,0.0
ttcw,Expert2,0,3,0.0
ttcw,Expert3,4,103,0.037383177570093455
ttcw,Expert4,8,39,0.1702127659574468
ttcw,Expert5,0,3,0.0
ttcw,Expert6,0,12,0.0
ttcw,Expert7,0,3,0.0
ttcw,Expert8,0,27,0.0
ttcw,Expert9,7,230,0.029535864978902954
ttcw,Expert10,0,48,0.0
slm,1d0gmfl,387,381,0.50390625
slm,1twytku,551,311,0.6392111368909513
slm,2cf5cxg,467,373,0.555952380952381
slm,2djomaf,472,362,0.565947242206235
slm,2iwgfra,522,330,0.6126760563380281
slm,5suhdrf,651,233,0.7364253393665159
slm,67x5igk,455,395,0.5352941176470588
slm,6eniugs,499,307,0.6191066997518611
slm,6s8iade,409,306,0.5720279720279721
slm,7dtqnsr,411,372,0.524904214559387
slm,7mfy2lf,335,462,0.4203262233375157
slm,8fwtdie,415,432,0.4899645808736718
slm,9tkaunh,727,150,0.8289623717217788
slm,abwgo45,563,289,0.6607981220657277
slm,apdsci2,640,198,0.7637231503579952
slm,c4q1ges,335,501,0.4007177033492823
slm,cazm5jo,397,463,0.46162790697674416
slm,cd6g3ph,457,383,0.544047619047619
slm,cwoulyg,594,273,0.6851211072664359
slm,cznvnoe,535,315,0.6294117647058823
slm,dlqbhrm,315,525,0.375
slm,dytaznn,527,315,0.6258907363420427
slm,ejc1jlo,463,396,0.5389988358556461
slm,eni2oiq,433,404,0.5173237753882916
slm,esqh283,507,303,0.6259259259259259
slm,gmjhsto,329,403,0.4494535519125683
slm,gyn2zh1,345,426,0.4474708171206226
slm,gzi8fy5,305,482,0.3875476493011436
slm,h7jplzv,423,432,0.49473684210526314
slm,hzlcy3u,440,379,0.5372405372405372
slm,i67o0as,534,285,0.652014652014652
slm,ifbhjlj,575,279,0.6733021077283372
slm,j1leiwz,515,324,0.6138259833134684
slm,jugdbuw,467,359,0.5653753026634383
slm,k7bci2w,632,225,0.7374562427071178
slm,koslf18,395,441,0.47248803827751196
slm,kzaejf6,417,402,0.5091575091575091
slm,mca2gjt,286,497,0.3652618135376756
slm,n8u3xou,534,318,0.6267605633802817
slm,o5yhwcy,510,353,0.5909617612977984
slm,oyq95gw,453,389,0.5380047505938242
slm,ozepl4x,409,414,0.49696233292831105
slm,pdkco3k,386,357,0.5195154777927322
slm,pqnsabu,610,250,0.7093023255813954
slm,qfd7slz,627,234,0.7282229965156795
slm,qoxrs6i,568,267,0.6802395209580838
slm,qpoeg1u,493,323,0.6041666666666666
slm,qvmrwst,570,293,0.660486674391657
slm,rc1emwh,449,373,0.5462287104622872
slm,sajqrbq,579,245,0.7026699029126213
slm,se4idw9,328,500,0.3961352657004831
slm,sim7edf,644,154,0.8070175438596491
slm,span9jo,178,676,0.20843091334894615
slm,tbgr6o9,355,424,0.4557124518613607
slm,tjrwtbg,630,209,0.7508939213349225
slm,tmks7eg,562,278,0.669047619047619
slm,u8ida5r,329,405,0.4482288828337875
slm,ugz5p3x,503,338,0.5980975029726516
slm,uiv1tou,443,386,0.53437876960193
slm,ujt0vaq,340,485,0.4121212121212121
slm,v45tutq,487,335,0.5924574209245742
slm,wd3j8qj,476,374,0.56
slm,wfb6qsu,725,129,0.8489461358313818
slm,ybep7ro,495,360,0.5789473684210527
slm,yjgobin,437,390,0.528415961305925
slm,ylheo47,675,175,0.7941176470588235
slm,yyecwzl,474,382,0.5537383177570093
slm,zvhb2sv,575,266,0.6837098692033293
pronvsprompt,Expert1,465,3003,0.13408304498269896
pronvsprompt,Expert2,509,2967,0.14643268124280784
pronvsprompt,Expert3,556,2870,0.16228838295388207
pronvsprompt,Expert4,25,3562,0.006969612489545581
pronvsprompt,Expert5,180,3370,0.05070422535211268
pronvsprompt,Expert6,965,2402,0.2866052866052866
hanna,A03922113RU44GENR8ATX,0,174,0.0
hanna,A1IZ4NX41GKU4X,18013,51943,0.257490422551318
hanna,A1V6CP5I0TOSAR,175,885,0.1650943396226415
hanna,A264NN7JBX4UDQ,1226,1856,0.3977936404931862
hanna,A2VE5IV9OD2SK1,515,60910,0.008384208384208384
hanna,A2WNW8A4MOR7T7,601,5418,0.09985047350058149
hanna,A3CFNUD7VR2E1E,2241,25390,0.08110455647642141
hanna,AE861G0AY5RGT,1,70,0.014084507042253521
hanna,AHV4U78TUUDKI,4,14,0.2222222222222222
hanna,AYJGQBBK6KXZ7,0,0,
poetry,R_02OuieTDzIB1LA5,25,0,1.0
poetry,R_033nCahcqekToEF,24,1,0.96
poetry,R_0Ce3lcCDqg6v2kV,22,3,0.88
poetry,R_0GIEmXuT0F8Du1z,25,0,1.0
poetry,R_0MxZwKNbrjCuDU5,22,3,0.88
poetry,R_0NET6a27b1iZOi5,15,10,0.6
poetry,R_0NefRX2X8vcv1FD,22,3,0.88
poetry,R_0PXXfuYrLKEJmeJ,18,4,0.8181818181818182
poetry,R_0UmuHRDr4sAK0rD,23,2,0.92
poetry,R_0jOi3YZxz2xBWI9,23,0,1.0
poetry,R_0kSwH1Vj2fq4Jln,8,14,0.36363636363636365
poetry,R_0p9vEcCrNVchMkh,25,0,1.0
poetry,R_0v2OVeCCAlFDMoV,21,3,0.875
poetry,R_11Y2wm9smiV9BPV,24,1,0.96
poetry,R_11Z3bLokXVfo53G,19,6,0.76
poetry,R_11beTyeBjW7o2E5,20,4,0.8333333333333334
poetry,R_11iQj0PtyrRV4sP,20,2,0.9090909090909091
poetry,R_12FMnCXbBYUVXec,25,0,1.0
poetry,R_12KjR9bndvYA69z,9,15,0.375
poetry,R_12RzihAK4DAtBwl,21,4,0.84
poetry,R_12ilBy27y7Dl3Te,22,2,0.9166666666666666
poetry,R_1CKnYtvA0B2qDD2,8,17,0.32
poetry,R_1Cdw04alsxINIzD,25,0,1.0
poetry,R_1Cmb2t0Hbmhyc6E,20,5,0.8
poetry,R_1CvzvoQdRx7AbcT,23,2,0.92
poetry,R_1Cw02PzIIZmt6Se,24,0,1.0
poetry,R_1DI7ja1l6mMIV4c,20,5,0.8
poetry,R_1DJdfCCKRv2Dxuj,24,1,0.96
poetry,R_1DqVdXicpOo3jia,9,15,0.375
poetry,R_1E6zxloFNrdyEqn,23,2,0.92
poetry,R_1E70Rgp05wDYJ36,25,0,1.0
poetry,R_1F4BTkz9xaGAKvX,23,2,0.92
poetry,R_1FJxNsuitBQ9p2u,21,4,0.84
poetry,R_1FR4rj2Z6K9QZxG,21,4,0.84
poetry,R_1FaoeO1OO1NtCGN,13,12,0.52
poetry,R_1Fb1Zeku7jutOGF,16,5,0.7619047619047619
poetry,R_1FrYpfUrW0MOX40,25,0,1.0
poetry,R_1FsSGg3EC3NzmdW,17,7,0.7083333333333334
poetry,R_1GPqZo43e0nJSrn,12,12,0.5
poetry,R_1GQzSqSOfpt2czN,3,22,0.12
poetry,R_1GxWRuXAyK0UWDz,21,3,0.875
poetry,R_1HqvpYo9RtYwv7S,18,7,0.72
poetry,R_1IAzYUsdeitV9h8,17,7,0.7083333333333334
poetry,R_1IGfryQyit0QreQ,21,4,0.84
poetry,R_1IRjXmVUYNacgUq,4,20,0.16666666666666666
poetry,R_1IXedG92OKsTaGM,4,20,0.16666666666666666
poetry,R_1IhIIVwiJIdH8Vd,20,5,0.8
poetry,R_1JDXoYfnOrzzYfY,6,19,0.24
poetry,R_1JDgSyCkJGkLPJc,25,0,1.0
poetry,R_1JECbIO48gjVm2V,18,7,0.72
poetry,R_1JEqKlGwfJFWCBw,19,6,0.76
poetry,R_1JJwpfdQ6dnxatw,24,1,0.96
poetry,R_1JXxZQTNBfpBW1w,13,10,0.5652173913043478
poetry,R_1K43P7m55PI5PhE,14,10,0.5833333333333334
poetry,R_1K8fhvbA2Htg4aK,18,7,0.72
poetry,R_1KdpPcAZ7M1kyuy,22,3,0.88
poetry,R_1KkY8xzXWGTjAtu,20,5,0.8
poetry,R_1KpCzzkem9FDBg7,10,15,0.4
poetry,R_1Kwk3ViMnGofmdB,23,0,1.0
poetry,R_1LGukNh0K7jPvbz,21,4,0.84
poetry,R_1LHBFe0fVqnFF3t,1,24,0.04
poetry,R_1LNzYS3mg5Nocb4,2,23,0.08
poetry,R_1LTf7CwYTG6uSdb,21,4,0.84
poetry,R_1LTpb4rPZ1W7LgZ,23,1,0.9583333333333334
poetry,R_1Lb1D0duCvXchJW,20,5,0.8
poetry,R_1LcHFjVP9v0mQoW,16,8,0.6666666666666666
poetry,R_1Le4NTC6lGYtwT5,3,21,0.125
poetry,R_1LkedNzgdZSvf6F,6,19,0.24
poetry,R_1M535nHvA4JKvx7,23,2,0.92
poetry,R_1MMwX80tVKwaadB,24,0,1.0
poetry,R_1MRL0R3CyOTZMPU,23,0,1.0
poetry,R_1MYf9BkeVMwJwXS,21,0,1.0
poetry,R_1MYtUASiNzE6gdp,18,6,0.75
poetry,R_1N84gPvTbESzUvV,23,1,0.9583333333333334
poetry,R_1NCWreztTsvR7WA,24,1,0.96
poetry,R_1NFI4eAi7JiUO1g,11,14,0.44
poetry,R_1NaF5hXQ62Lrrzm,15,9,0.625
poetry,R_1NqVdMApcJMlkA4,22,3,0.88
poetry,R_1Nwfcn0INFDVrxX,14,9,0.6086956521739131
poetry,R_1NxHE4MbHF0Pqjk,16,9,0.64
poetry,R_1OYPtUNjnljwGqB,25,0,1.0
poetry,R_1OjZfU7yA4sREVB,18,6,0.75
poetry,R_1OkqxrMst6yhnoV,1,24,0.04
poetry,R_1OvIOOmGOhasXM3,23,2,0.92
poetry,R_1OvRJa8qTE16lGA,24,1,0.96
poetry,R_1Ovl1FsCRqtcCkp,18,6,0.75
poetry,R_1PYu662dwEJzRCZ,24,1,0.96
poetry,R_1Q4rJqnDVjnxN5D,16,9,0.64
poetry,R_1QECYjHwRxRn4lA,13,11,0.5416666666666666
poetry,R_1QGGpxsVCPzNyXp,19,6,0.76
poetry,R_1QbYkR9XwzwIxoM,22,1,0.9565217391304348
poetry,R_1Qtn3q4GM3lfedz,8,15,0.34782608695652173
poetry,R_1XkOr0N8GKozYqt,15,9,0.625
poetry,R_1cZodYgrDQzbY3X,12,13,0.48
poetry,R_1dgGWYpjSpoYcV8,25,0,1.0
poetry,R_1doCMsvIcCfJhXM,18,5,0.782608695652174
poetry,R_1eDe4YiA2swCitS,25,0,1.0
poetry,R_1eK3RaakKYSaV0u,8,17,0.32
poetry,R_1esfyZpytBeuUWq,25,0,1.0
poetry,R_1ezY7X8EXYuLIWh,9,14,0.391304347826087
poetry,R_1fjG7Re13iHCRRh,24,1,0.96
poetry,R_1gCrYNVpOqJT3Re,5,17,0.22727272727272727
poetry,R_1gTjU5pYwZXQHjy,20,4,0.8333333333333334
poetry,R_1gU3enK6sK6Fz1W,23,2,0.92
poetry,R_1gjCYQ3JwJZZ7uA,14,11,0.56
poetry,R_1gkof5JmHOIW5Sf,11,14,0.44
poetry,R_1gnLt69l9rjMZd1,12,13,0.48
poetry,R_1guLD5WLRQsMptf,20,4,0.8333333333333334
poetry,R_1hBbs1LpBO5bS5F,8,17,0.32
poetry,R_1hGaDmuwkpGEVpi,24,1,0.96
poetry,R_1hLOR1QLJh61Nuq,7,17,0.2916666666666667
poetry,R_1hSiC6D6dfpX9db,22,1,0.9565217391304348
poetry,R_1hZ2vqrg1gJRNSs,10,14,0.4166666666666667
poetry,R_1i2Uoe8Jnp9VEVU,1,22,0.043478260869565216
poetry,R_1igtLM33jUyiGh0,25,0,1.0
poetry,R_1ik9as7P03DpHvc,20,3,0.8695652173913043
poetry,R_1iqENqCEJ1g4Vk4,14,11,0.56
poetry,R_1jAKG6mk3QaGKmb,23,2,0.92
poetry,R_1jP9JPNcuY0WwlY,7,17,0.2916666666666667
poetry,R_1jPmZAxm2kuPvEq,21,1,0.9545454545454546
poetry,R_1jPvXwEnpSuRDnU,24,1,0.96
poetry,R_1jTjJd4ULBH0Tyh,25,0,1.0
poetry,R_1jZYt3sgV4ERe2N,13,12,0.52
poetry,R_1jg2Yv5vS8JYNUo,7,18,0.28
poetry,R_1jiX2j26lFTru8Q,14,11,0.56
poetry,R_1jjsoI2CvZxegMw,21,3,0.875
poetry,R_1jkNJRFK1D462YX,21,3,0.875
poetry,R_1jlA95z1FaA9R9R,19,5,0.7916666666666666
poetry,R_1jlmHQGzRNs0zmc,12,13,0.48
poetry,R_1jptwHGUEIhVHeh,16,9,0.64
poetry,R_1jptzZkdMm7KZhD,25,0,1.0
poetry,R_1jq5uw6ylUxp3j5,20,5,0.8
poetry,R_1jwD2dgUP6U3y15,9,15,0.375
poetry,R_1jwxjtzhM8rBNt6,15,9,0.625
poetry,R_1k19dEpOT2QBn7O,22,3,0.88
poetry,R_1kTvkdmqQxynIgG,24,1,0.96
poetry,R_1l0obtnCxnn4uqy,19,5,0.7916666666666666
poetry,R_1laZBxyouJmr5Tr,23,1,0.9583333333333334
poetry,R_1lgyEhyFrelUwLo,18,6,0.75
poetry,R_1ln2blmsvSXz3tm,10,14,0.4166666666666667
poetry,R_1lt0o1jjtdAj0XF,18,6,0.75
poetry,R_1mDH9FanmSIxeXk,22,3,0.88
poetry,R_1medW8kA6cjQ4mL,17,8,0.68
poetry,R_1mq4ruOBATxeBpw,15,9,0.625
poetry,R_1n3K0d40e3VI8eK,17,6,0.7391304347826086
poetry,R_1nNHXe8KCwmYTKz,23,1,0.9583333333333334
poetry,R_1oAXgjJlpRbbM7w,23,2,0.92
poetry,R_1oii7sYoyNeMKKb,18,6,0.75
poetry,R_1omY6M3de1vBOjp,12,13,0.48
poetry,R_1onfVdQqmwDqXnW,22,1,0.9565217391304348
poetry,R_1owmB191BoiSsVw,21,3,0.875
poetry,R_1oyUPHrmxJcLA2C,23,2,0.92
poetry,R_1pKFYBAU2zBjPbD,22,3,0.88
poetry,R_1pR1OGa1J93WBvK,16,8,0.6666666666666666
poetry,R_1pR8qmj92Vrnu7V,15,9,0.625
poetry,R_1pS5epBKpAEtTSc,20,4,0.8333333333333334
poetry,R_1pWJPT8538lonZo,14,10,0.5833333333333334
poetry,R_1pnHRjmwNHQMFMC,12,12,0.5
poetry,R_1pu0pNhKms2Bz0P,8,16,0.3333333333333333
poetry,R_1q4FLhPbadptmKP,16,9,0.64
poetry,R_1r1wCldLUo8P1Lz,22,2,0.9166666666666666
poetry,R_1r9fbVfl8aWixqY,21,4,0.84
poetry,R_1reLpgfAQW8FMYJ,9,16,0.36
poetry,R_1riTR6Nj679QdxX,23,2,0.92
poetry,R_1rv9mB7Otud7BN4,14,11,0.56
poetry,R_1rxA0XclAk3RIAy,23,1,0.9583333333333334
poetry,R_20M9tUzGoNI9eWI,14,11,0.56
poetry,R_20ORrkbrd8CaYB1,22,3,0.88
poetry,R_20SFjnRCpnNgre0,25,0,1.0
poetry,R_20SWuiWVxQ8umaz,21,4,0.84
poetry,R_21AqYEijLpu90qD,14,11,0.56
poetry,R_21Fhc8BSAsJ0uDy,16,8,0.6666666666666666
poetry,R_21b4KQbRT32GEnM,11,12,0.4782608695652174
poetry,R_21jsbZFK3fKsQv1,22,3,0.88
poetry,R_21n8WecH3d7qN5i,21,4,0.84
poetry,R_21pHdbpbQyM3krN,22,2,0.9166666666666666
poetry,R_22AnSr0GxjJ09QG,7,15,0.3181818181818182
poetry,R_22QDUXxcd779QZt,21,4,0.84
poetry,R_22XEKocjuavdk8v,19,5,0.7916666666666666
poetry,R_22ySYzkGFPQmzkl,6,18,0.25
poetry,R_2318aKKy0d8MwIe,21,4,0.84
poetry,R_234yAqDcuZfNkL8,5,20,0.2
poetry,R_2457OyVFGyiZBF7,16,9,0.64
poetry,R_245TGceUp1R0s9c,17,8,0.68
poetry,R_247wJWcHyZvvaPM,22,3,0.88
poetry,R_248EzltJNEkviR5,19,6,0.76
poetry,R_24CKVzdvmfn9yQp,5,18,0.21739130434782608
poetry,R_24eEOQVK3KmSyiz,20,5,0.8
poetry,R_24imIWVBA7xWRP4,2,23,0.08
poetry,R_24rr26bKcpcgYCZ,16,5,0.7619047619047619
poetry,R_24wHyQIXFL2kjIJ,23,2,0.92
poetry,R_25Fa3ljDY5e6PS5,24,1,0.96
poetry,R_25H1hVadVboSjs8,13,12,0.52
poetry,R_25HkxvBN1zcf1Tc,15,8,0.6521739130434783
poetry,R_25KDADoMvJuCjK4,22,3,0.88
poetry,R_25SChX1G1QWuDJw,25,0,1.0
poetry,R_25X7LcN2aBtZoxK,13,11,0.5416666666666666
poetry,R_25u3EkEx0pTOAfZ,18,4,0.8181818181818182
poetry,R_25zHr8zNTaMdtr8,22,2,0.9166666666666666
poetry,R_26lIS0xFjrlygVK,24,0,1.0
poetry,R_274otQbLx4jvdQ8,9,4,0.6923076923076923
poetry,R_277HBuaRQUdgyat,24,1,0.96
poetry,R_279xLHhfhUfINFV,24,1,0.96
poetry,R_27CCrd1GZOOAJJK,6,19,0.24
poetry,R_27KyMuKloQR1lFS,23,2,0.92
poetry,R_27WLlC7r4M8lSsq,24,1,0.96
poetry,R_27eP4SlTbyzqB65,14,10,0.5833333333333334
poetry,R_27g67iQ2p1Oyx2A,18,6,0.75
poetry,R_27khqkk7AhbWqsC,20,5,0.8
poetry,R_27pWX84ZHP9hIMs,19,6,0.76
poetry,R_27pt9irjuX2ZdmC,25,0,1.0
poetry,R_27wHCxBnyMbvQDo,21,3,0.875
poetry,R_27y7phJxwTMCi5R,21,3,0.875
poetry,R_28BNl8XTlBhO8Ot,25,0,1.0
poetry,R_28Gxqr6kdKNVoZR,6,18,0.25
poetry,R_28If5ItPH4Ll12U,10,14,0.4166666666666667
poetry,R_28J9OqNSERAjfva,25,0,1.0
poetry,R_28LCeTv0etgkUiy,7,17,0.2916666666666667
poetry,R_295iOw47U9beHU5,19,5,0.7916666666666666
poetry,R_29aL9XZRN92ZiPJ,25,0,1.0
poetry,R_29cveRSYYBtQ3Dl,20,4,0.8333333333333334
poetry,R_29gZvPgSHc7AhL5,17,8,0.68
poetry,R_29igF4PdOvBQt9R,12,11,0.5217391304347826
poetry,R_29nXGsbEAbeq1fM,15,9,0.625
poetry,R_2A0v36X3vEob4IQ,12,13,0.48
poetry,R_2A12QVVlApTPlcP,25,0,1.0
poetry,R_2A1dSXnF99NhXlh,22,3,0.88
poetry,R_2A1gYQMm47Ec2GP,25,0,1.0
poetry,R_2AEcjwNyzoQ81ZS,16,8,0.6666666666666666
poetry,R_2AMcRAdPrTLmaaV,17,8,0.68
poetry,R_2AQhVdMewbT1tKw,12,12,0.5
poetry,R_2B2oKAZn8oUtRm4,4,21,0.16
poetry,R_2B8WxZtIFacUGHF,14,8,0.6363636363636364
poetry,R_2BerHyDHNRSnIhO,17,8,0.68
poetry,R_2BrIAcAks3LcpRZ,14,9,0.6086956521739131
poetry,R_2Bu1QU8UEcmzkXb,9,14,0.391304347826087
poetry,R_2BzGN8o883ppymg,23,1,0.9583333333333334
poetry,R_2CCF6u05lUStwh2,25,0,1.0
poetry,R_2CZXxp9iZp4SqSM,5,8,0.38461538461538464
poetry,R_2Cjq0EdsPMnrScY,23,2,0.92
poetry,R_2ClX9tKuWjFW8m0,19,4,0.8260869565217391
poetry,R_2D5mzmlVWq5v6lv,0,25,0.0
poetry,R_2D76RYNK5xLwXJn,16,7,0.6956521739130435
poetry,R_2D7hRHecXsxmmcp,22,3,0.88
poetry,R_2DOekIF3nNVwWeL,19,6,0.76
poetry,R_2DSrO8umjboGFgU,25,0,1.0
poetry,R_2DY1eJZGzk1aAu4,25,0,1.0
poetry,R_2EcSvaQef8cbKn3,20,4,0.8333333333333334
poetry,R_2EnOhRTSFft5tTY,20,5,0.8
poetry,R_2EnwBK34coFrRtc,20,5,0.8
poetry,R_2Eu70h3GsHXVODv,11,12,0.4782608695652174
poetry,R_2OPzGStGERnp4vC,15,9,0.625
poetry,R_2P4NkW7durMBt9G,22,2,0.9166666666666666
poetry,R_2Pkjt5BWpSBH8ty,23,2,0.92
poetry,R_2Pu2wpvNjK5hcHM,20,5,0.8
poetry,R_2PwbkdhZ3QYrHuM,22,3,0.88
poetry,R_2QG9m3u7PUbBQ7r,25,0,1.0
poetry,R_2QG9oL7cx4n9vQm,23,2,0.92
poetry,R_2QRFkFwci5aMJNc,24,1,0.96
poetry,R_2QSt65qic4OmLYE,13,9,0.5909090909090909
poetry,R_2QVTDoRN4QTKBHk,25,0,1.0
poetry,R_2SB6RY5Xo5uKgNo,21,3,0.875
poetry,R_2SDNKlQ9ROZQiNY,20,5,0.8
poetry,R_2Scq5yl9ihWkk1f,24,1,0.96
poetry,R_2Sf5nuS8AyOWvY6,11,14,0.44
poetry,R_2Sjhix9GDTbaYq1,24,1,0.96
poetry,R_2Sq29QyhvYSViqT,22,3,0.88
poetry,R_2THqY5NrMI7kc0H,7,16,0.30434782608695654
poetry,R_2TMhY5KHVZ04aX3,18,7,0.72
poetry,R_2TRcN48fA33tNNW,15,10,0.6
poetry,R_2TnjivmWZ2YUjtr,23,2,0.92
poetry,R_2TuZG1pyydkfyRR,20,5,0.8
poetry,R_2TyLHN3J1dNy2bD,21,3,0.875
poetry,R_2U3YmDaScGdo3OP,25,0,1.0
poetry,R_2U4rtcK15wF0t0c,20,4,0.8333333333333334
poetry,R_2U5SOgwMZ1yPu17,25,0,1.0
poetry,R_2U9tlCzyIahmHwY,18,6,0.75
poetry,R_2UaPdIUAHCBa3FF,25,0,1.0
poetry,R_2V4uRoCRboiiMhi,12,12,0.5
poetry,R_2V9oGkqKOeG2U6b,23,1,0.9583333333333334
poetry,R_2VabkGCtSFP35Pw,25,0,1.0
poetry,R_2VyJrX64r36ZPnu,6,18,0.25
poetry,R_2WHxlt1ozQiPAnw,24,0,1.0
poetry,R_2WMWO5Eu5fk8lOO,23,2,0.92
poetry,R_2WZKRJyzWcfWGBe,0,25,0.0
poetry,R_2X1beTIb2G4SsYt,25,0,1.0
poetry,R_2Y99b0HKWQcHoew,12,13,0.48
poetry,R_2YG84Xg6pPmpwE7,17,6,0.7391304347826086
poetry,R_2YW0k9K9t3GUzRS,25,0,1.0
poetry,R_2YWEG9njgwDQkan,23,2,0.92
poetry,R_2YY7NIC3NKJCkEf,22,3,0.88
poetry,R_2YieYgfEkWMigWH,25,0,1.0
poetry,R_2YmNmzMXB6H7xv8,12,13,0.48
poetry,R_2Ys55gauSVWc79w,8,15,0.34782608695652173
poetry,R_2ZBPAJJUnwrgFBS,16,3,0.8421052631578947
poetry,R_2ZE0rhfTmykdPrk,14,11,0.56
poetry,R_2ZE9wtjM5LyA6ss,21,4,0.84
poetry,R_2ZIW4ynpkw1deSy,19,3,0.8636363636363636
poetry,R_2ZJJWqWjnvuidyQ,23,1,0.9583333333333334
poetry,R_2ZTVb33wNlQNpZR,16,9,0.64
poetry,R_2ZV627xfGSoZQ1s,14,11,0.56
poetry,R_2aIEPV2r4A3Xjia,15,10,0.6
poetry,R_2aJo0ly07h7L6Cu,19,6,0.76
poetry,R_2aP0VENdfgH1xT2,16,7,0.6956521739130435
poetry,R_2abivN5wAA4iCBi,23,2,0.92
poetry,R_2agbPAdKpe5selT,15,9,0.625
poetry,R_2ay3gvx5PQpA8as,19,5,0.7916666666666666
poetry,R_2azTCWMp5zSzRpc,17,8,0.68
poetry,R_2b1NUhEWbZ5lRgy,20,4,0.8333333333333334
poetry,R_2bWbE5ogbohfclO,11,8,0.5789473684210527
poetry,R_2ccQWbdBej3GAsx,14,11,0.56
poetry,R_2cp7Ou0ES0ifD5w,24,0,1.0
poetry,R_2ctmUSfq7Hdm2CJ,22,3,0.88
poetry,R_2dEblcf3SkXGTCX,22,3,0.88
poetry,R_2dEcI1JTwR6Qviu,12,10,0.5454545454545454
poetry,R_2dK0BG4gtQNyXSF,15,9,0.625
poetry,R_2dXc5sbHxiYIuUO,24,1,0.96
poetry,R_2dYiRhQDeIgQTKh,21,4,0.84
poetry,R_2dZqoVNYVDej1dD,22,3,0.88
poetry,R_2diEEPgpgBbqHOD,17,7,0.7083333333333334
poetry,R_2dn1EIG3ISMmUZX,24,1,0.96
poetry,R_2doqJfcZPUWcpuZ,15,10,0.6
poetry,R_2dxR8fhoky5HVrS,4,21,0.16
poetry,R_2eRm6akBFHptYbS,23,1,0.9583333333333334
poetry,R_2eVIDry7P7nOeed,8,17,0.32
poetry,R_2f2959BFPToyuoI,17,6,0.7391304347826086
poetry,R_2f8KQe2ugi8bZos,11,14,0.44
poetry,R_2fAOQLXIdLwzCHr,15,10,0.6
poetry,R_2fdFvTUraXuzPsu,22,3,0.88
poetry,R_2fp8k4oOp4diRqQ,10,15,0.4
poetry,R_2fuszZcV49w3Lz3,6,17,0.2608695652173913
poetry,R_2oifx345UNBNxMR,25,0,1.0
poetry,R_2pLwKS5uA0tilIN,25,0,1.0
poetry,R_2pQzCPPpyZ7Q6mb,25,0,1.0
poetry,R_2pRWcRPRdEMlixM,11,12,0.4782608695652174
poetry,R_2q1Q3QLUHvxYOhZ,23,2,0.92
poetry,R_2q7qvdK2SG6VZ2c,24,1,0.96
poetry,R_2qE0yWRfPoXpuzO,18,7,0.72
poetry,R_2qlTYR5uJjqOTV4,25,0,1.0
poetry,R_2qraEfvWMpTPMhp,21,4,0.84
poetry,R_2rSLE1RLiAHA9JG,21,4,0.84
poetry,R_2rYMEVcboGfQvcu,24,1,0.96
poetry,R_2rZA3O1fXi6RExU,12,9,0.5714285714285714
poetry,R_2rkjwp7sf8TjdE1,20,5,0.8
poetry,R_2rwl8OrzQX8IEvr,17,7,0.7083333333333334
poetry,R_2rxcQzE6jNKnipS,21,4,0.84
poetry,R_2sSbQxLPRS2NfVu,18,5,0.782608695652174
poetry,R_2sTjJOp2YPp7nCe,25,0,1.0
poetry,R_2sYhxEPDF0U7agr,2,22,0.08333333333333333
poetry,R_2tKKojVaCyv5We8,13,12,0.52
poetry,R_2txvgaPIrCGKcQH,20,2,0.9090909090909091
poetry,R_2tzNcVF1KLqbUgZ,8,15,0.34782608695652173
poetry,R_2uD1kW65mYln4bD,21,3,0.875
poetry,R_2uHEDFB9BqScfLK,24,1,0.96
poetry,R_2uTWTPWcSw7NYdo,4,21,0.16
poetry,R_2uyeJF7YqXVuA7N,24,1,0.96
poetry,R_2vZDdeTNf7oUEue,18,6,0.75
poetry,R_2vZdgalvJxxQGqm,24,1,0.96
poetry,R_2vddtADf1Aoe7dc,11,11,0.5
poetry,R_2vdpDVPZD8UCoZa,0,16,0.0
poetry,R_2vi7LRpsCpQCQ2R,21,4,0.84
poetry,R_2w461rwtcgkZ0xb,21,4,0.84
poetry,R_2w4CdTLk2Vae96s,23,2,0.92
poetry,R_2w6PWRDVsdD7u32,23,2,0.92
poetry,R_2wB8aZEH7LMLskZ,19,5,0.7916666666666666
poetry,R_2wMRPi1jJ0jlJa5,19,6,0.76
poetry,R_2y7a3CqLJ9czjNb,21,4,0.84
poetry,R_2yeZBIaAP5Lz5m5,25,0,1.0
poetry,R_2ymfuwPY1c6FLea,17,6,0.7391304347826086
poetry,R_2zRPghVA8apS6cM,21,2,0.9130434782608695
poetry,R_301ccMp5XM5B3GM,23,1,0.9583333333333334
poetry,R_30321uglhdScWiW,25,0,1.0
poetry,R_3074GpJhJyAcE75,25,0,1.0
poetry,R_30i4jXTCj3iW92l,13,10,0.5652173913043478
poetry,R_30kmG1CI8HfSJ7e,17,6,0.7391304347826086
poetry,R_30vgycfazUKzI4s,19,6,0.76
poetry,R_31HRvd7wmVCZLmh,15,10,0.6
poetry,R_31N10yPWUHsySM0,23,2,0.92
poetry,R_31RY5EgS8pICWQi,24,1,0.96
poetry,R_31RymrkFWSjyzIj,13,12,0.52
poetry,R_322wh7zii63Lt2u,23,1,0.9583333333333334
poetry,R_32VHo3Fq6eXG1Jx,16,7,0.6956521739130435
poetry,R_32WSVziI9lHDZr8,18,7,0.72
poetry,R_3338cev7sxczcbU,17,6,0.7391304347826086
poetry,R_33DPmRsEx3YQ9li,16,6,0.7272727272727273
poetry,R_33dqEsCmNSVoS7f,15,10,0.6
poetry,R_33qAmtcfNb7kpnl,13,10,0.5652173913043478
poetry,R_33sep7i8Te2H5U1,9,15,0.375
poetry,R_3BHEQ7o2VKwCDiV,12,13,0.48
poetry,R_3CAZaZiFbvaIxYZ,25,0,1.0
poetry,R_3CH6bMqNcVejarI,13,10,0.5652173913043478
poetry,R_3CHkIhvbizGTRQ5,7,16,0.30434782608695654
poetry,R_3CJBk5K2ReptYxK,23,2,0.92
poetry,R_3CJcOEZ0VmRwyhw,12,13,0.48
poetry,R_3CO6UY0FiEXoOxq,10,15,0.4
poetry,R_3CWomGHPkHgfLtZ,23,2,0.92
poetry,R_3D0FohAHOgG8hZZ,25,0,1.0
poetry,R_3D5yNuulO7LmWQy,19,6,0.76
poetry,R_3Dhfd6QiFz1Zuxg,13,10,0.5652173913043478
poetry,R_3EAv6cLI2cEacNL,24,1,0.96
poetry,R_3EFng8LIctgFKNG,22,3,0.88
poetry,R_3Eb5nGrgOAJYn2N,24,1,0.96
poetry,R_3Eu2Hij6USfVnSh,18,7,0.72
poetry,R_3FJSuCSYgNuT7ri,12,13,0.48
poetry,R_3FPSt1eSzS6dQk7,24,0,1.0
poetry,R_3FPxGdTIDphs0w6,20,4,0.8333333333333334
poetry,R_3FPxXsjDImD1lLb,19,5,0.7916666666666666
poetry,R_3FRkVrDA6lnClBA,11,14,0.44
poetry,R_3G1XeqkDz2qB7Ts,16,8,0.6666666666666666
poetry,R_3G8td0GkHzULidb,21,4,0.84
poetry,R_3GAGhlKpKM0rbHP,14,11,0.56
poetry,R_3GcQdkHEvB1rLgT,23,2,0.92
poetry,R_3Gpkd4VhvlwHiAk,18,7,0.72
poetry,R_3HBJbgm0HoQD6W5,11,13,0.4583333333333333
poetry,R_3HOJynjXm4JB45f,24,0,1.0
poetry,R_3HuUZ8QIiXscWfW,14,9,0.6086956521739131
poetry,R_3IWavKDUPWHLYkL,21,4,0.84
poetry,R_3IWrpdRaJoUdIsp,8,16,0.3333333333333333
poetry,R_3IYaJ84I6SUwVuS,23,2,0.92
poetry,R_3Ib4c1tMN5J2xnV,14,9,0.6086956521739131
poetry,R_3J2idrAY8TkfIQb,25,0,1.0
poetry,R_3JJjSv9fYk8LWjt,24,1,0.96
poetry,R_3JXBvgapHpvb1fz,25,0,1.0
poetry,R_3JaenH6YAIVggN1,21,3,0.875
poetry,R_3Jfwiei5dR9U5J7,13,11,0.5416666666666666
poetry,R_3JkJL3nnzKp6lnH,17,8,0.68
poetry,R_3KCukHZvee1N8dc,23,2,0.92
poetry,R_3KGvphonihZBPSd,25,0,1.0
poetry,R_3KHF9O2h2dQTmxm,12,12,0.5
poetry,R_3KO1YqyzXlHhWcM,13,12,0.52
poetry,R_3KVAjI5Nrb3C1FU,9,12,0.42857142857142855
poetry,R_3KZVvE6slqw6jaL,23,2,0.92
poetry,R_3KxYj0r3HFb9FrX,16,9,0.64
poetry,R_3MA1FriOBKsAeSO,21,4,0.84
poetry,R_3MDNGLMrXaIrP4s,20,5,0.8
poetry,R_3MFhMZRamR9MmLK,17,8,0.68
poetry,R_3MKh5qB9UbFNgct,20,5,0.8
poetry,R_3MQAOkGKBwGTOiF,5,20,0.2
poetry,R_3MidVJQsphfCy7x,12,11,0.5217391304347826
poetry,R_3Mli0YEYzp7RxIQ,12,11,0.5217391304347826
poetry,R_3Mo0aa5EVqJH8PN,22,2,0.9166666666666666
poetry,R_3NIgrjH0CHeK6E4,23,1,0.9583333333333334
poetry,R_3NIoViEzQs5VTMv,11,14,0.44
poetry,R_3NKEYO5oJiPQQzn,23,2,0.92
poetry,R_3NP9V2OAhsDieGe,7,17,0.2916666666666667
poetry,R_3NQwPrIolVTpO5i,17,8,0.68
poetry,R_3O6ObbwceCJvGbV,21,4,0.84
poetry,R_3O94S2Gj7BvptPx,19,6,0.76
poetry,R_3OihlNqUE9fU7o6,24,1,0.96
poetry,R_3P66lT94zFG5foM,20,5,0.8
poetry,R_3PFBAyeVekcoB1L,13,12,0.52
poetry,R_3PMLnMNRQQbBmhs,24,1,0.96
poetry,R_3PaxgMoWOEIOLPz,22,2,0.9166666666666666
poetry,R_3PtzAu5M9wlKi5h,20,5,0.8
poetry,R_3PvEouvqmiYQTgU,18,6,0.75
poetry,R_3PvQ0eoPq3KVMh0,13,11,0.5416666666666666
poetry,R_3Pw1JjUBdA538cu,25,0,1.0
poetry,R_3Q0ktVMQ2layYPT,21,4,0.84
poetry,R_3QFqK3HAgoOMTWe,25,0,1.0
poetry,R_3R3ELPW3PPCmfK1,15,0,1.0
poetry,R_3ReG9tHUTnwhob3,8,17,0.32
poetry,R_3Rw2EaD2h3xrfaF,9,16,0.36
poetry,R_3RxWLVb9NUCnmX8,24,1,0.96
poetry,R_3a8QWvETOUAmsqR,10,12,0.45454545454545453
poetry,R_3dGGg0KDODHnhzY,22,3,0.88
poetry,R_3e7XjmOXeuCxpcu,19,4,0.8260869565217391
poetry,R_3e9RMxwwJ0NaFBC,21,4,0.84
poetry,R_3ebhjV4cOTCOizP,12,10,0.5454545454545454
poetry,R_3efPIntZKy8ljbg,6,19,0.24
poetry,R_3ekRZan7CK7w3nD,8,16,0.3333333333333333
poetry,R_3ekrOqwkk93dZ7e,23,2,0.92
poetry,R_3eku6TfZLWImicc,21,4,0.84
poetry,R_3etvNkLL9MXB1TW,23,1,0.9583333333333334
poetry,R_3ezszpdQGK8kvyd,20,5,0.8
poetry,R_3fHltbBsCDTp7BY,16,7,0.6956521739130435
poetry,R_3fN0LXO1HQQdMQi,25,0,1.0
poetry,R_3fOGw4rttsDK2MG,20,5,0.8
poetry,R_3fTcSm0GIYkJn4s,19,5,0.7916666666666666
poetry,R_3foACReawS1i1wa,21,4,0.84
poetry,R_3fuR8pgk0gVdNMr,7,17,0.2916666666666667
poetry,R_3h0e9ByoqqIceuE,24,1,0.96
poetry,R_3hApgKOEHkbqZUj,20,5,0.8
poetry,R_3hEKz2SKlSrD34T,23,1,0.9583333333333334
poetry,R_3hbSZGlFfZpyaUG,4,20,0.16666666666666666
poetry,R_3hfkeL3t0Et3L1G,10,15,0.4
poetry,R_3iEfKxZlTLLI1GA,25,0,1.0
poetry,R_3iJPtffFF8aWCTA,21,4,0.84
poetry,R_3j6AFlgOWpd9peN,7,17,0.2916666666666667
poetry,R_3j7MLGDRDRFkdUF,10,15,0.4
poetry,R_3jdOkv85HlS9IJD,23,0,1.0
poetry,R_3k56pqiNfA6cQyJ,17,7,0.7083333333333334
poetry,R_3kNZWq0bByBvcMf,19,6,0.76
poetry,R_3kO1j76mPNdbfmw,24,1,0.96
poetry,R_3kb7ra4d7PgSHzU,21,4,0.84
poetry,R_3lEmyLNNjALb2gJ,19,6,0.76
poetry,R_3lVwdHp2Fwl3XyM,17,4,0.8095238095238095
poetry,R_3ltMxjEHhjeiU3i,18,6,0.75
poetry,R_3mfUbybfemKxVau,22,3,0.88
poetry,R_3mjyFOxVJmErw6r,15,10,0.6
poetry,R_3n2tNjhxr9W5nQz,25,0,1.0
poetry,R_3nDE3TTgXQl3Fmu,24,1,0.96
poetry,R_3nJcdMvL3fJ26Dm,10,15,0.4
poetry,R_3nUvklBR13HAkZc,17,8,0.68
poetry,R_3ncJSF1hyU4oHn2,22,3,0.88
poetry,R_3niUSVPKRSynimY,11,13,0.4583333333333333
poetry,R_3no5D3SrU1SXqlU,22,2,0.9166666666666666
poetry,R_3noXMSf0RHykdBB,13,11,0.5416666666666666
poetry,R_3nqGoQLlKdvWyX2,18,6,0.75
poetry,R_3oGi61BRO31Ajvf,15,9,0.625
poetry,R_3oWVUA8cezq7J5Z,24,1,0.96
poetry,R_3p3TCsQIrvbAsiV,18,7,0.72
poetry,R_3p6gVIkqmFpgxl8,15,9,0.625
poetry,R_3pgzaIef5FKP4AE,17,8,0.68
poetry,R_3phh1ImAr3wuEoG,15,10,0.6
poetry,R_3psDb07t2jhhWLs,19,6,0.76
poetry,R_3qEXA15az2GeZRc,20,5,0.8
poetry,R_3qHBDefuUejuVSe,25,0,1.0
poetry,R_3qJu6CSusLxBRHm,16,7,0.6956521739130435
poetry,R_3qqFoJrZYyimpyl,18,7,0.72
poetry,R_3qsuoXOW9RTNk9R,15,4,0.7894736842105263
poetry,R_3qxtv1yEbwfnhcU,25,0,1.0
poetry,R_3r0Rdp68weoloRn,24,1,0.96
poetry,R_3r0w5SOJoSnbGBo,19,5,0.7916666666666666
poetry,R_3rHuOcfBheGS6Rj,25,0,1.0
poetry,R_3rU3ECUnIHO7jaV,17,6,0.7391304347826086
poetry,R_3rYSJhb3bLiwEwO,19,5,0.7916666666666666
poetry,R_3s0mQAq0KXbo0kX,17,5,0.7727272727272727
poetry,R_3s52yqPyQjlzXx6,21,4,0.84
poetry,R_3s5pPIjcDL7an3t,23,2,0.92
poetry,R_3scWWYGpJEKyTdt,21,4,0.84
poetry,R_3snwpQoBXiCNiRs,16,8,0.6666666666666666
poetry,R_3syrZrR8lZG1Qqx,11,13,0.4583333333333333
poetry,R_4N0wLQXhXQrkSMV,23,2,0.92
poetry,R_4OYEuqF61U8MSTn,24,0,1.0
poetry,R_4SCcUfaiCYqp2M1,18,5,0.782608695652174
poetry,R_4V1UETX8DvnrY4x,23,1,0.9583333333333334
poetry,R_56dGfy5zRo0qSQx,14,9,0.6086956521739131
poetry,R_5tCgrhZXegWvfYl,25,0,1.0
poetry,R_5u9Rc2Vrcl1bYB3,22,3,0.88
poetry,R_6FmrT7vlr6Opxlf,25,0,1.0
poetry,R_6VWmuIYj8f3fwrv,20,5,0.8
poetry,R_6h8XdRCsfqgRIkx,23,2,0.92
poetry,R_6hrCwsXjjhcnd8R,16,7,0.6956521739130435
poetry,R_6zLzBz5gkQUqV1L,18,6,0.75
poetry,R_74yYxjlsvuy9VjH,13,8,0.6190476190476191
poetry,R_86XGpiVHnFGFoUp,20,2,0.9090909090909091
poetry,R_88HxYN6GgJ5Iegp,18,7,0.72
poetry,R_88JDpExCGZ89tJf,19,4,0.8260869565217391
poetry,R_8eOCHsVCauRKWZP,23,2,0.92
poetry,R_8eQzcW6Q8E0H33j,20,4,0.8333333333333334
poetry,R_8ek52UdeFL6fhwR,19,6,0.76
poetry,R_8f5hwlxjmPgh6OR,25,0,1.0
poetry,R_8iVl7O7KQBFbjnb,25,0,1.0
poetry,R_8u22iegbDFZD52V,20,4,0.8333333333333334
poetry,R_8vwWGT2JG8jrsUF,20,4,0.8333333333333334
poetry,R_9prIRB1uqucUWo9,17,7,0.7083333333333334
poetry,R_9yspltVJ2Q4gapb,15,9,0.625
poetry,R_AF26wU0MG05av29,6,18,0.25
poetry,R_AFj0IgJOvvZUyoV,24,1,0.96
poetry,R_AGoIqOrrYRsGFr3,17,8,0.68
poetry,R_Acxica29Dwd6uWt,22,3,0.88
poetry,R_Avrgxex0lOolYnD,20,4,0.8333333333333334
poetry,R_BJqaQdcx1dtJQFX,18,7,0.72
poetry,R_BK69XHcGCOaE4s9,21,3,0.875
poetry,R_BxD3l02TDJOzd6N,11,13,0.4583333333333333
poetry,R_C2C9DsTBDV1Nrih,14,10,0.5833333333333334
poetry,R_CjA1oqOHsbAWzPb,5,17,0.22727272727272727
poetry,R_D8KAN56fOLhL3UJ,25,0,1.0
poetry,R_DIXQMlnWaj9y8A9,23,2,0.92
poetry,R_DIsZYq82gnlfhSN,21,4,0.84
poetry,R_DIuEtSWWENuy8YF,21,4,0.84
poetry,R_DSl2BicpBGXlgjv,10,14,0.4166666666666667
poetry,R_DiNRJJXq7o0aGuB,25,0,1.0
poetry,R_DxfWo6pkXcHlrMJ,13,10,0.5652173913043478
poetry,R_Dxip3YHoRLYdRoB,3,21,0.125
poetry,R_O2wZHz3KLd04AF3,14,10,0.5833333333333334
poetry,R_O7L1f6NfFEzgpb3,13,11,0.5416666666666666
poetry,R_OEdaHyD9IMUV7ln,25,0,1.0
poetry,R_OGU1JXv7Tk3wY6J,7,17,0.2916666666666667
poetry,R_OOT1aNRXJkGgewF,24,1,0.96
poetry,R_OezsZELZ68zMqqt,1,24,0.04
poetry,R_OuQeVV2rgQ5f8Dn,25,0,1.0
poetry,R_OxlhT2npvjQMVkB,10,13,0.43478260869565216
poetry,R_POMWTbkYL7xqlkR,24,1,0.96
poetry,R_PvKN8nk3LEiQm5P,16,9,0.64
poetry,R_Q4x22TzFJSpze7v,25,0,1.0
poetry,R_Q5F9eoVVqV4SNGx,3,22,0.12
poetry,R_Q9QmWAbBJYytZ8B,16,8,0.6666666666666666
poetry,R_QmOmnpbygVZunux,19,4,0.8260869565217391
poetry,R_R9QzXy2RaxRHhqp,24,0,1.0
poetry,R_R9pGncNXUJvdzzj,12,12,0.5
poetry,R_RPQhApiS6urCIzn,21,3,0.875
poetry,R_RVJK6ljPU35D9pn,24,1,0.96
poetry,R_RlZ0QcOKJ4JX8I1,11,14,0.44
poetry,R_Rlu0pQ01jNxR1oB,11,14,0.44
poetry,R_RyQvkpcEhNhim6l,18,7,0.72
poetry,R_SBH9YpfKaDoZMLD,17,7,0.7083333333333334
poetry,R_SDkvqN2fyqkDvWN,15,10,0.6
poetry,R_SIhZXwXp9Pmk3q9,20,4,0.8333333333333334
poetry,R_SZwvgJKId3XUxhf,25,0,1.0
poetry,R_T0KgPsW4lMk4ifT,23,2,0.92
poetry,R_T136sXVQGD8NA5z,16,8,0.6666666666666666
poetry,R_T8holnEyGyPU33b,25,0,1.0
poetry,R_TcFktO2oxolgY6d,25,0,1.0
poetry,R_TemIGdGu0WhmOvn,25,0,1.0
poetry,R_Ti4aOgNSH8kcQ4p,16,7,0.6956521739130435
poetry,R_TjhETi2a19Yiacx,13,11,0.5416666666666666
poetry,R_Tw76OBysID17Jo5,25,0,1.0
poetry,R_Uaosn3e3jma2H7j,14,10,0.5833333333333334
poetry,R_UfG3xJi9vmquBvX,24,0,1.0
poetry,R_UnDwgkJjOYjWkyl,19,5,0.7916666666666666
poetry,R_UsYvFXPNWCLdlL3,20,3,0.8695652173913043
poetry,R_UzQ7J62xmQgANXj,17,8,0.68
poetry,R_UzQdjqSzXfgEed3,25,0,1.0
poetry,R_VUMt2frgwnAheTv,22,2,0.9166666666666666
poetry,R_W1AcpcXPGVGVwCl,19,4,0.8260869565217391
poetry,R_WfhfRUyM5f1XHOx,20,5,0.8
poetry,R_Wj4vjzmd6OHgWzL,18,6,0.75
poetry,R_WoMX89IYSHaAUVP,1,24,0.04
poetry,R_WxPNoXcZ1h6Kx1L,7,17,0.2916666666666667
poetry,R_XFCzOdBTabtM6Ln,9,13,0.4090909090909091
poetry,R_XFcrtqTvtVk1FJv,18,6,0.75
poetry,R_XSe0OWQHd30Cvsd,4,21,0.16
poetry,R_XZJ6zfjfHJaqT0R,19,6,0.76
poetry,R_YRM8q7uf7a4Nz9f,8,16,0.3333333333333333
poetry,R_YbLCc2lJ2PNW4r7,18,7,0.72
poetry,R_Z82FgarHe4D0NfH,25,0,1.0
poetry,R_Z9KSwDkxPqsZ56x,4,21,0.16
poetry,R_Zqqwj20hToZ8ndL,2,23,0.08
poetry,R_ZrfubIqDZesf54J,6,19,0.24
poetry,R_Zxg6hVxuceFVNE5,19,6,0.76
poetry,R_a2HGB5LX9o3iAmZ,11,13,0.4583333333333333
poetry,R_b8yeXZ1GNTtbDt7,23,2,0.92
poetry,R_bDUqPeSdOMvfEml,9,16,0.36
poetry,R_bNkFVh9g4fXS6WZ,20,5,0.8
poetry,R_bqKW9VPfkwSjzb3,18,7,0.72
poetry,R_cC7Wv3QtmXXqvHr,18,6,0.75
poetry,R_cJcetxzwToQNiw1,23,2,0.92
poetry,R_dgmi80XideqLWJb,16,9,0.64
poetry,R_diEgOLbTg0OMm4h,12,11,0.5217391304347826
poetry,R_dnksmVZNn7euQyB,22,3,0.88
poetry,R_dp5xLxIClfLo0Vz,22,3,0.88
poetry,R_eA2IqlnLdyuLp4Z,22,3,0.88
poetry,R_eEzFX4Wr3kYs43n,18,7,0.72
poetry,R_eRtdBahibbhXxmh,22,3,0.88
poetry,R_er1AUx6aIRDU5up,20,5,0.8
poetry,R_ezHY2nQOdgZljQR,20,2,0.9090909090909091
poetry,R_oYvbmj8cmjA6zUR,18,6,0.75
poetry,R_pGVcDOGqylExyzD,19,6,0.76
poetry,R_pMpRVgllCIGBtNT,13,12,0.52
poetry,R_pQ0JKFNZ3f0KMo1,25,0,1.0
poetry,R_pgQBvxt2GyaFzqh,20,4,0.8333333333333334
poetry,R_phHoSisv9KKMHXH,25,0,1.0
poetry,R_pt0Mdg6KLqtkISd,13,11,0.5416666666666666
poetry,R_qCIpAK1U8FdM5pL,17,8,0.68
poetry,R_qvUUCRtvCPrCDMB,18,4,0.8181818181818182
poetry,R_qwPgsL6jBv6WwU1,21,4,0.84
poetry,R_r0ElGgyseolLyaR,23,2,0.92
poetry,R_r1solDTYIgyc1UJ,21,4,0.84
poetry,R_r7iPn3rSWRP8Q3D,18,7,0.72
poetry,R_rcYkm4m1oAb1AKB,19,6,0.76
poetry,R_riGYgwG8WXfnRyp,24,1,0.96
poetry,R_sMa6cB3toW8nvcl,11,13,0.4583333333333333
poetry,R_sO0t8sus0OcfVeN,22,2,0.9166666666666666
poetry,R_sR1TCzczdhDvXix,19,6,0.76
poetry,R_sYD3o6faE0syimR,9,16,0.36
poetry,R_sYevX1cxltKAslr,19,6,0.76
poetry,R_sccPt2CW9tghYXL,16,8,0.6666666666666666
poetry,R_sp6MZKX4SSdEgJb,23,2,0.92
poetry,R_sut85qeCqkIF4ch,24,0,1.0
poetry,R_suviQxglIGHEAKt,25,0,1.0
poetry,R_tLfsrJv3q8eLPKF,25,0,1.0
poetry,R_tPQJLKBFUPw2zAJ,24,1,0.96
poetry,R_tPWQXZP15JWWZaN,19,6,0.76
poetry,R_tQkad5Neg7HpoFH,18,6,0.75
poetry,R_tWCkEiRWifPWIMN,7,17,0.2916666666666667
poetry,R_u38Zx1W6MJ6oYaB,25,0,1.0
poetry,R_ul7GzSHAx5OxDtD,9,15,0.375
poetry,R_usMflr9l0tTfDgJ,5,20,0.2
poetry,R_vSOKfDyrLBgi2yJ,19,6,0.76
poetry,R_vYsCZeJIQVNwwtb,23,1,0.9583333333333334
poetry,R_vjd8DENYUsRGZkR,12,11,0.5217391304347826
poetry,R_vvK0OjJ5GTIi7S1,13,10,0.5652173913043478
poetry,R_w0iONwBrDgsA8al,25,0,1.0
poetry,R_wUmSTlccFkqiPol,24,1,0.96
poetry,R_x56IsLSRuBLVAml,19,6,0.76
poetry,R_xgw3GtgywPya7ZL,22,3,0.88
poetry,R_xhWGpTcRIRM6Ot3,23,2,0.92
poetry,R_xin6X4Rum87Bt9n,17,7,0.7083333333333334
poetry,R_xmCwiddjUWiUK0F,19,6,0.76
poetry,R_xnqTYnq9QZFV1Zf,21,4,0.84
poetry,R_xxa4Ak9evqOa4tr,25,0,1.0
poetry,R_yxLAm7NTkFUFD1f,12,10,0.5454545454545454
poetry,R_yxSNgyJyeWOcuRP,18,7,0.72
poetry,R_z6JI63PK9GqMsc9,0,25,0.0
poetry,R_zTLGYlN1M826wr7,21,4,0.84
