,user_id,preferred_text,other_text,label
0,Expert0,10_Claude,10_GPT3.5,1
1,Expert0,10_GPT3.5,10_Claude,0
2,Expert0,10_GPT4,10_Claude,1
3,Expert0,10_Claude,10_GPT4,0
4,Expert0,10_NewYorker,10_Claude,1
5,Expert0,10_Claude,10_NewYorker,0
6,Expert0,10_GPT4,10_GPT3.5,1
7,Expert0,10_GPT3.5,10_GPT4,0
8,Expert0,10_NewYorker,10_GPT3.5,1
9,Expert0,10_GPT3.5,10_NewYorker,0
10,Expert0,10_NewYorker,10_GPT4,1
11,Expert0,10_GPT4,10_NewYorker,0
12,Expert1,0_Claude,0_GPT3.5,1
13,Expert1,0_GPT3.5,0_Claude,0
14,Expert1,0_Claude,0_GPT4,1
15,Expert1,0_GPT4,0_Claude,0
16,Expert1,0_NewYorker,0_Claude,1
17,Expert1,0_Claude,0_NewYorker,0
18,Expert1,0_Claude,11_Claude,1
19,Expert1,11_Claude,0_Claude,0
20,Expert1,0_Claude,11_GPT3.5,1
21,Expert1,11_GPT3.5,0_Claude,0
22,Expert1,0_Claude,11_GPT4,1
23,Expert1,11_GPT4,0_Claude,0
24,Expert1,11_NewYorker,0_Claude,1
25,Expert1,0_Claude,11_NewYorker,0
26,Expert1,0_Claude,5_Claude,1
27,Expert1,5_Claude,0_Claude,0
28,Expert1,0_Claude,5_GPT3.5,1
29,Expert1,5_GPT3.5,0_Claude,0
30,Expert1,5_NewYorker,0_Claude,1
31,Expert1,0_Claude,5_NewYorker,0
32,Expert1,7_Claude,0_Claude,1
33,Expert1,0_Claude,7_Claude,0
34,Expert1,0_Claude,7_GPT3.5,1
35,Expert1,7_GPT3.5,0_Claude,0
36,Expert1,7_NewYorker,0_Claude,1
37,Expert1,0_Claude,7_NewYorker,0
38,Expert1,0_GPT4,0_GPT3.5,1
39,Expert1,0_GPT3.5,0_GPT4,0
40,Expert1,0_NewYorker,0_GPT3.5,1
41,Expert1,0_GPT3.5,0_NewYorker,0
42,Expert1,11_Claude,0_GPT3.5,1
43,Expert1,0_GPT3.5,11_Claude,0
44,Expert1,11_GPT3.5,0_GPT3.5,1
45,Expert1,0_GPT3.5,11_GPT3.5,0
46,Expert1,11_NewYorker,0_GPT3.5,1
47,Expert1,0_GPT3.5,11_NewYorker,0
48,Expert1,5_Claude,0_GPT3.5,1
49,Expert1,0_GPT3.5,5_Claude,0
50,Expert1,5_GPT3.5,0_GPT3.5,1
51,Expert1,0_GPT3.5,5_GPT3.5,0
52,Expert1,5_GPT4,0_GPT3.5,1
53,Expert1,0_GPT3.5,5_GPT4,0
54,Expert1,5_NewYorker,0_GPT3.5,1
55,Expert1,0_GPT3.5,5_NewYorker,0
56,Expert1,7_Claude,0_GPT3.5,1
57,Expert1,0_GPT3.5,7_Claude,0
58,Expert1,7_GPT4,0_GPT3.5,1
59,Expert1,0_GPT3.5,7_GPT4,0
60,Expert1,7_NewYorker,0_GPT3.5,1
61,Expert1,0_GPT3.5,7_NewYorker,0
62,Expert1,0_NewYorker,0_GPT4,1
63,Expert1,0_GPT4,0_NewYorker,0
64,Expert1,11_Claude,0_GPT4,1
65,Expert1,0_GPT4,11_Claude,0
66,Expert1,0_GPT4,11_GPT4,1
67,Expert1,11_GPT4,0_GPT4,0
68,Expert1,11_NewYorker,0_GPT4,1
69,Expert1,0_GPT4,11_NewYorker,0
70,Expert1,5_GPT4,0_GPT4,1
71,Expert1,0_GPT4,5_GPT4,0
72,Expert1,5_NewYorker,0_GPT4,1
73,Expert1,0_GPT4,5_NewYorker,0
74,Expert1,7_Claude,0_GPT4,1
75,Expert1,0_GPT4,7_Claude,0
76,Expert1,0_GPT4,7_GPT3.5,1
77,Expert1,7_GPT3.5,0_GPT4,0
78,Expert1,7_GPT4,0_GPT4,1
79,Expert1,0_GPT4,7_GPT4,0
80,Expert1,7_NewYorker,0_GPT4,1
81,Expert1,0_GPT4,7_NewYorker,0
82,Expert1,0_NewYorker,11_Claude,1
83,Expert1,11_Claude,0_NewYorker,0
84,Expert1,0_NewYorker,11_GPT3.5,1
85,Expert1,11_GPT3.5,0_NewYorker,0
86,Expert1,0_NewYorker,11_GPT4,1
87,Expert1,11_GPT4,0_NewYorker,0
88,Expert1,0_NewYorker,5_Claude,1
89,Expert1,5_Claude,0_NewYorker,0
90,Expert1,0_NewYorker,5_GPT3.5,1
91,Expert1,5_GPT3.5,0_NewYorker,0
92,Expert1,0_NewYorker,5_GPT4,1
93,Expert1,5_GPT4,0_NewYorker,0
94,Expert1,0_NewYorker,7_Claude,1
95,Expert1,7_Claude,0_NewYorker,0
96,Expert1,0_NewYorker,7_GPT3.5,1
97,Expert1,7_GPT3.5,0_NewYorker,0
98,Expert1,0_NewYorker,7_GPT4,1
99,Expert1,7_GPT4,0_NewYorker,0
100,Expert1,11_Claude,11_GPT3.5,1
101,Expert1,11_GPT3.5,11_Claude,0
102,Expert1,11_Claude,11_GPT4,1
103,Expert1,11_GPT4,11_Claude,0
104,Expert1,11_NewYorker,11_Claude,1
105,Expert1,11_Claude,11_NewYorker,0
106,Expert1,11_Claude,5_Claude,1
107,Expert1,5_Claude,11_Claude,0
108,Expert1,11_Claude,5_GPT3.5,1
109,Expert1,5_GPT3.5,11_Claude,0
110,Expert1,5_GPT4,11_Claude,1
111,Expert1,11_Claude,5_GPT4,0
112,Expert1,5_NewYorker,11_Claude,1
113,Expert1,11_Claude,5_NewYorker,0
114,Expert1,7_Claude,11_Claude,1
115,Expert1,11_Claude,7_Claude,0
116,Expert1,11_Claude,7_GPT3.5,1
117,Expert1,7_GPT3.5,11_Claude,0
118,Expert1,7_GPT4,11_Claude,1
119,Expert1,11_Claude,7_GPT4,0
120,Expert1,7_NewYorker,11_Claude,1
121,Expert1,11_Claude,7_NewYorker,0
122,Expert1,11_GPT3.5,11_GPT4,1
123,Expert1,11_GPT4,11_GPT3.5,0
124,Expert1,11_NewYorker,11_GPT3.5,1
125,Expert1,11_GPT3.5,11_NewYorker,0
126,Expert1,5_GPT4,11_GPT3.5,1
127,Expert1,11_GPT3.5,5_GPT4,0
128,Expert1,5_NewYorker,11_GPT3.5,1
129,Expert1,11_GPT3.5,5_NewYorker,0
130,Expert1,7_Claude,11_GPT3.5,1
131,Expert1,11_GPT3.5,7_Claude,0
132,Expert1,11_GPT3.5,7_GPT3.5,1
133,Expert1,7_GPT3.5,11_GPT3.5,0
134,Expert1,7_GPT4,11_GPT3.5,1
135,Expert1,11_GPT3.5,7_GPT4,0
136,Expert1,7_NewYorker,11_GPT3.5,1
137,Expert1,11_GPT3.5,7_NewYorker,0
138,Expert1,11_NewYorker,11_GPT4,1
139,Expert1,11_GPT4,11_NewYorker,0
140,Expert1,5_Claude,11_GPT4,1
141,Expert1,11_GPT4,5_Claude,0
142,Expert1,5_GPT3.5,11_GPT4,1
143,Expert1,11_GPT4,5_GPT3.5,0
144,Expert1,5_GPT4,11_GPT4,1
145,Expert1,11_GPT4,5_GPT4,0
146,Expert1,5_NewYorker,11_GPT4,1
147,Expert1,11_GPT4,5_NewYorker,0
148,Expert1,7_Claude,11_GPT4,1
149,Expert1,11_GPT4,7_Claude,0
150,Expert1,7_GPT4,11_GPT4,1
151,Expert1,11_GPT4,7_GPT4,0
152,Expert1,7_NewYorker,11_GPT4,1
153,Expert1,11_GPT4,7_NewYorker,0
154,Expert1,11_NewYorker,5_Claude,1
155,Expert1,5_Claude,11_NewYorker,0
156,Expert1,11_NewYorker,5_GPT3.5,1
157,Expert1,5_GPT3.5,11_NewYorker,0
158,Expert1,11_NewYorker,5_GPT4,1
159,Expert1,5_GPT4,11_NewYorker,0
160,Expert1,11_NewYorker,7_Claude,1
161,Expert1,7_Claude,11_NewYorker,0
162,Expert1,11_NewYorker,7_GPT3.5,1
163,Expert1,7_GPT3.5,11_NewYorker,0
164,Expert1,11_NewYorker,7_GPT4,1
165,Expert1,7_GPT4,11_NewYorker,0
166,Expert1,5_GPT4,5_Claude,1
167,Expert1,5_Claude,5_GPT4,0
168,Expert1,5_NewYorker,5_Claude,1
169,Expert1,5_Claude,5_NewYorker,0
170,Expert1,7_Claude,5_Claude,1
171,Expert1,5_Claude,7_Claude,0
172,Expert1,5_Claude,7_GPT3.5,1
173,Expert1,7_GPT3.5,5_Claude,0
174,Expert1,7_GPT4,5_Claude,1
175,Expert1,5_Claude,7_GPT4,0
176,Expert1,7_NewYorker,5_Claude,1
177,Expert1,5_Claude,7_NewYorker,0
178,Expert1,5_GPT4,5_GPT3.5,1
179,Expert1,5_GPT3.5,5_GPT4,0
180,Expert1,5_NewYorker,5_GPT3.5,1
181,Expert1,5_GPT3.5,5_NewYorker,0
182,Expert1,7_Claude,5_GPT3.5,1
183,Expert1,5_GPT3.5,7_Claude,0
184,Expert1,5_GPT3.5,7_GPT3.5,1
185,Expert1,7_GPT3.5,5_GPT3.5,0
186,Expert1,7_GPT4,5_GPT3.5,1
187,Expert1,5_GPT3.5,7_GPT4,0
188,Expert1,7_NewYorker,5_GPT3.5,1
189,Expert1,5_GPT3.5,7_NewYorker,0
190,Expert1,5_NewYorker,5_GPT4,1
191,Expert1,5_GPT4,5_NewYorker,0
192,Expert1,7_Claude,5_GPT4,1
193,Expert1,5_GPT4,7_Claude,0
194,Expert1,5_GPT4,7_GPT3.5,1
195,Expert1,7_GPT3.5,5_GPT4,0
196,Expert1,7_NewYorker,5_GPT4,1
197,Expert1,5_GPT4,7_NewYorker,0
198,Expert1,5_NewYorker,7_Claude,1
199,Expert1,7_Claude,5_NewYorker,0
200,Expert1,5_NewYorker,7_GPT3.5,1
201,Expert1,7_GPT3.5,5_NewYorker,0
202,Expert1,5_NewYorker,7_GPT4,1
203,Expert1,7_GPT4,5_NewYorker,0
204,Expert1,7_Claude,7_GPT3.5,1
205,Expert1,7_GPT3.5,7_Claude,0
206,Expert1,7_Claude,7_GPT4,1
207,Expert1,7_GPT4,7_Claude,0
208,Expert1,7_NewYorker,7_Claude,1
209,Expert1,7_Claude,7_NewYorker,0
210,Expert1,7_GPT4,7_GPT3.5,1
211,Expert1,7_GPT3.5,7_GPT4,0
212,Expert1,7_NewYorker,7_GPT3.5,1
213,Expert1,7_GPT3.5,7_NewYorker,0
214,Expert1,7_NewYorker,7_GPT4,1
215,Expert1,7_GPT4,7_NewYorker,0
216,Expert2,4_Claude,4_GPT3.5,1
217,Expert2,4_GPT3.5,4_Claude,0
218,Expert2,4_Claude,4_GPT4,1
219,Expert2,4_GPT4,4_Claude,0
220,Expert2,4_NewYorker,4_Claude,1
221,Expert2,4_Claude,4_NewYorker,0
222,Expert2,4_GPT4,4_GPT3.5,1
223,Expert2,4_GPT3.5,4_GPT4,0
224,Expert2,4_NewYorker,4_GPT3.5,1
225,Expert2,4_GPT3.5,4_NewYorker,0
226,Expert2,4_NewYorker,4_GPT4,1
227,Expert2,4_GPT4,4_NewYorker,0
228,Expert3,11_Claude,11_GPT3.5,1
229,Expert3,11_GPT3.5,11_Claude,0
230,Expert3,11_GPT4,11_Claude,1
231,Expert3,11_Claude,11_GPT4,0
232,Expert3,11_NewYorker,11_Claude,1
233,Expert3,11_Claude,11_NewYorker,0
234,Expert3,3_Claude,11_Claude,1
235,Expert3,11_Claude,3_Claude,0
236,Expert3,11_Claude,3_GPT3.5,1
237,Expert3,3_GPT3.5,11_Claude,0
238,Expert3,3_GPT4,11_Claude,1
239,Expert3,11_Claude,3_GPT4,0
240,Expert3,3_NewYorker,11_Claude,1
241,Expert3,11_Claude,3_NewYorker,0
242,Expert3,4_Claude,11_Claude,1
243,Expert3,11_Claude,4_Claude,0
244,Expert3,11_Claude,4_GPT3.5,1
245,Expert3,4_GPT3.5,11_Claude,0
246,Expert3,4_GPT4,11_Claude,1
247,Expert3,11_Claude,4_GPT4,0
248,Expert3,4_NewYorker,11_Claude,1
249,Expert3,11_Claude,4_NewYorker,0
250,Expert3,11_Claude,5_GPT3.5,1
251,Expert3,5_GPT3.5,11_Claude,0
252,Expert3,11_Claude,5_GPT4,1
253,Expert3,5_GPT4,11_Claude,0
254,Expert3,5_NewYorker,11_Claude,1
255,Expert3,11_Claude,5_NewYorker,0
256,Expert3,11_Claude,6_Claude,1
257,Expert3,6_Claude,11_Claude,0
258,Expert3,11_Claude,6_GPT3.5,1
259,Expert3,6_GPT3.5,11_Claude,0
260,Expert3,11_Claude,6_GPT4,1
261,Expert3,6_GPT4,11_Claude,0
262,Expert3,6_NewYorker,11_Claude,1
263,Expert3,11_Claude,6_NewYorker,0
264,Expert3,11_Claude,7_Claude,1
265,Expert3,7_Claude,11_Claude,0
266,Expert3,11_Claude,7_GPT3.5,1
267,Expert3,7_GPT3.5,11_Claude,0
268,Expert3,11_Claude,7_GPT4,1
269,Expert3,7_GPT4,11_Claude,0
270,Expert3,7_NewYorker,11_Claude,1
271,Expert3,11_Claude,7_NewYorker,0
272,Expert3,11_GPT4,11_GPT3.5,1
273,Expert3,11_GPT3.5,11_GPT4,0
274,Expert3,11_NewYorker,11_GPT3.5,1
275,Expert3,11_GPT3.5,11_NewYorker,0
276,Expert3,3_Claude,11_GPT3.5,1
277,Expert3,11_GPT3.5,3_Claude,0
278,Expert3,3_GPT4,11_GPT3.5,1
279,Expert3,11_GPT3.5,3_GPT4,0
280,Expert3,3_NewYorker,11_GPT3.5,1
281,Expert3,11_GPT3.5,3_NewYorker,0
282,Expert3,4_Claude,11_GPT3.5,1
283,Expert3,11_GPT3.5,4_Claude,0
284,Expert3,11_GPT3.5,4_GPT3.5,1
285,Expert3,4_GPT3.5,11_GPT3.5,0
286,Expert3,4_GPT4,11_GPT3.5,1
287,Expert3,11_GPT3.5,4_GPT4,0
288,Expert3,4_NewYorker,11_GPT3.5,1
289,Expert3,11_GPT3.5,4_NewYorker,0
290,Expert3,5_Claude,11_GPT3.5,1
291,Expert3,11_GPT3.5,5_Claude,0
292,Expert3,11_GPT3.5,5_GPT4,1
293,Expert3,5_GPT4,11_GPT3.5,0
294,Expert3,5_NewYorker,11_GPT3.5,1
295,Expert3,11_GPT3.5,5_NewYorker,0
296,Expert3,11_GPT3.5,6_Claude,1
297,Expert3,6_Claude,11_GPT3.5,0
298,Expert3,11_GPT3.5,6_GPT3.5,1
299,Expert3,6_GPT3.5,11_GPT3.5,0
300,Expert3,11_GPT3.5,6_GPT4,1
301,Expert3,6_GPT4,11_GPT3.5,0
302,Expert3,6_NewYorker,11_GPT3.5,1
303,Expert3,11_GPT3.5,6_NewYorker,0
304,Expert3,11_GPT3.5,7_Claude,1
305,Expert3,7_Claude,11_GPT3.5,0
306,Expert3,11_GPT3.5,7_GPT3.5,1
307,Expert3,7_GPT3.5,11_GPT3.5,0
308,Expert3,11_GPT3.5,7_GPT4,1
309,Expert3,7_GPT4,11_GPT3.5,0
310,Expert3,7_NewYorker,11_GPT3.5,1
311,Expert3,11_GPT3.5,7_NewYorker,0
312,Expert3,11_NewYorker,11_GPT4,1
313,Expert3,11_GPT4,11_NewYorker,0
314,Expert3,3_Claude,11_GPT4,1
315,Expert3,11_GPT4,3_Claude,0
316,Expert3,11_GPT4,3_GPT3.5,1
317,Expert3,3_GPT3.5,11_GPT4,0
318,Expert3,3_GPT4,11_GPT4,1
319,Expert3,11_GPT4,3_GPT4,0
320,Expert3,4_Claude,11_GPT4,1
321,Expert3,11_GPT4,4_Claude,0
322,Expert3,11_GPT4,4_GPT3.5,1
323,Expert3,4_GPT3.5,11_GPT4,0
324,Expert3,4_GPT4,11_GPT4,1
325,Expert3,11_GPT4,4_GPT4,0
326,Expert3,4_NewYorker,11_GPT4,1
327,Expert3,11_GPT4,4_NewYorker,0
328,Expert3,11_GPT4,5_Claude,1
329,Expert3,5_Claude,11_GPT4,0
330,Expert3,11_GPT4,5_GPT3.5,1
331,Expert3,5_GPT3.5,11_GPT4,0
332,Expert3,11_GPT4,5_GPT4,1
333,Expert3,5_GPT4,11_GPT4,0
334,Expert3,5_NewYorker,11_GPT4,1
335,Expert3,11_GPT4,5_NewYorker,0
336,Expert3,11_GPT4,6_Claude,1
337,Expert3,6_Claude,11_GPT4,0
338,Expert3,11_GPT4,6_GPT3.5,1
339,Expert3,6_GPT3.5,11_GPT4,0
340,Expert3,11_GPT4,6_GPT4,1
341,Expert3,6_GPT4,11_GPT4,0
342,Expert3,6_NewYorker,11_GPT4,1
343,Expert3,11_GPT4,6_NewYorker,0
344,Expert3,11_GPT4,7_Claude,1
345,Expert3,7_Claude,11_GPT4,0
346,Expert3,11_GPT4,7_GPT3.5,1
347,Expert3,7_GPT3.5,11_GPT4,0
348,Expert3,11_GPT4,7_GPT4,1
349,Expert3,7_GPT4,11_GPT4,0
350,Expert3,7_NewYorker,11_GPT4,1
351,Expert3,11_GPT4,7_NewYorker,0
352,Expert3,11_NewYorker,3_Claude,1
353,Expert3,3_Claude,11_NewYorker,0
354,Expert3,11_NewYorker,3_GPT3.5,1
355,Expert3,3_GPT3.5,11_NewYorker,0
356,Expert3,11_NewYorker,3_GPT4,1
357,Expert3,3_GPT4,11_NewYorker,0
358,Expert3,11_NewYorker,3_NewYorker,1
359,Expert3,3_NewYorker,11_NewYorker,0
360,Expert3,11_NewYorker,4_Claude,1
361,Expert3,4_Claude,11_NewYorker,0
362,Expert3,11_NewYorker,4_GPT3.5,1
363,Expert3,4_GPT3.5,11_NewYorker,0
364,Expert3,11_NewYorker,4_GPT4,1
365,Expert3,4_GPT4,11_NewYorker,0
366,Expert3,11_NewYorker,5_Claude,1
367,Expert3,5_Claude,11_NewYorker,0
368,Expert3,11_NewYorker,5_GPT3.5,1
369,Expert3,5_GPT3.5,11_NewYorker,0
370,Expert3,11_NewYorker,5_GPT4,1
371,Expert3,5_GPT4,11_NewYorker,0
372,Expert3,11_NewYorker,6_Claude,1
373,Expert3,6_Claude,11_NewYorker,0
374,Expert3,11_NewYorker,6_GPT3.5,1
375,Expert3,6_GPT3.5,11_NewYorker,0
376,Expert3,11_NewYorker,6_GPT4,1
377,Expert3,6_GPT4,11_NewYorker,0
378,Expert3,11_NewYorker,7_Claude,1
379,Expert3,7_Claude,11_NewYorker,0
380,Expert3,11_NewYorker,7_GPT3.5,1
381,Expert3,7_GPT3.5,11_NewYorker,0
382,Expert3,11_NewYorker,7_GPT4,1
383,Expert3,7_GPT4,11_NewYorker,0
384,Expert3,3_Claude,3_GPT3.5,1
385,Expert3,3_GPT3.5,3_Claude,0
386,Expert3,3_GPT4,3_Claude,1
387,Expert3,3_Claude,3_GPT4,0
388,Expert3,3_Claude,3_NewYorker,1
389,Expert3,3_NewYorker,3_Claude,0
390,Expert3,3_Claude,4_Claude,1
391,Expert3,4_Claude,3_Claude,0
392,Expert3,3_Claude,4_GPT3.5,1
393,Expert3,4_GPT3.5,3_Claude,0
394,Expert3,4_GPT4,3_Claude,1
395,Expert3,3_Claude,4_GPT4,0
396,Expert3,4_NewYorker,3_Claude,1
397,Expert3,3_Claude,4_NewYorker,0
398,Expert3,3_Claude,5_Claude,1
399,Expert3,5_Claude,3_Claude,0
400,Expert3,3_Claude,5_GPT3.5,1
401,Expert3,5_GPT3.5,3_Claude,0
402,Expert3,3_Claude,5_GPT4,1
403,Expert3,5_GPT4,3_Claude,0
404,Expert3,5_NewYorker,3_Claude,1
405,Expert3,3_Claude,5_NewYorker,0
406,Expert3,3_Claude,6_Claude,1
407,Expert3,6_Claude,3_Claude,0
408,Expert3,3_Claude,6_GPT3.5,1
409,Expert3,6_GPT3.5,3_Claude,0
410,Expert3,3_Claude,6_GPT4,1
411,Expert3,6_GPT4,3_Claude,0
412,Expert3,6_NewYorker,3_Claude,1
413,Expert3,3_Claude,6_NewYorker,0
414,Expert3,3_Claude,7_Claude,1
415,Expert3,7_Claude,3_Claude,0
416,Expert3,3_Claude,7_GPT3.5,1
417,Expert3,7_GPT3.5,3_Claude,0
418,Expert3,3_Claude,7_GPT4,1
419,Expert3,7_GPT4,3_Claude,0
420,Expert3,7_NewYorker,3_Claude,1
421,Expert3,3_Claude,7_NewYorker,0
422,Expert3,3_GPT4,3_GPT3.5,1
423,Expert3,3_GPT3.5,3_GPT4,0
424,Expert3,3_NewYorker,3_GPT3.5,1
425,Expert3,3_GPT3.5,3_NewYorker,0
426,Expert3,4_Claude,3_GPT3.5,1
427,Expert3,3_GPT3.5,4_Claude,0
428,Expert3,3_GPT3.5,4_GPT3.5,1
429,Expert3,4_GPT3.5,3_GPT3.5,0
430,Expert3,4_GPT4,3_GPT3.5,1
431,Expert3,3_GPT3.5,4_GPT4,0
432,Expert3,4_NewYorker,3_GPT3.5,1
433,Expert3,3_GPT3.5,4_NewYorker,0
434,Expert3,5_Claude,3_GPT3.5,1
435,Expert3,3_GPT3.5,5_Claude,0
436,Expert3,3_GPT3.5,5_GPT4,1
437,Expert3,5_GPT4,3_GPT3.5,0
438,Expert3,5_NewYorker,3_GPT3.5,1
439,Expert3,3_GPT3.5,5_NewYorker,0
440,Expert3,3_GPT3.5,6_Claude,1
441,Expert3,6_Claude,3_GPT3.5,0
442,Expert3,3_GPT3.5,6_GPT3.5,1
443,Expert3,6_GPT3.5,3_GPT3.5,0
444,Expert3,3_GPT3.5,6_GPT4,1
445,Expert3,6_GPT4,3_GPT3.5,0
446,Expert3,6_NewYorker,3_GPT3.5,1
447,Expert3,3_GPT3.5,6_NewYorker,0
448,Expert3,3_GPT3.5,7_Claude,1
449,Expert3,7_Claude,3_GPT3.5,0
450,Expert3,3_GPT3.5,7_GPT3.5,1
451,Expert3,7_GPT3.5,3_GPT3.5,0
452,Expert3,3_GPT3.5,7_GPT4,1
453,Expert3,7_GPT4,3_GPT3.5,0
454,Expert3,7_NewYorker,3_GPT3.5,1
455,Expert3,3_GPT3.5,7_NewYorker,0
456,Expert3,3_GPT4,3_NewYorker,1
457,Expert3,3_NewYorker,3_GPT4,0
458,Expert3,3_GPT4,4_Claude,1
459,Expert3,4_Claude,3_GPT4,0
460,Expert3,3_GPT4,4_GPT3.5,1
461,Expert3,4_GPT3.5,3_GPT4,0
462,Expert3,4_NewYorker,3_GPT4,1
463,Expert3,3_GPT4,4_NewYorker,0
464,Expert3,3_GPT4,5_Claude,1
465,Expert3,5_Claude,3_GPT4,0
466,Expert3,3_GPT4,5_GPT3.5,1
467,Expert3,5_GPT3.5,3_GPT4,0
468,Expert3,3_GPT4,5_GPT4,1
469,Expert3,5_GPT4,3_GPT4,0
470,Expert3,5_NewYorker,3_GPT4,1
471,Expert3,3_GPT4,5_NewYorker,0
472,Expert3,3_GPT4,6_Claude,1
473,Expert3,6_Claude,3_GPT4,0
474,Expert3,3_GPT4,6_GPT3.5,1
475,Expert3,6_GPT3.5,3_GPT4,0
476,Expert3,3_GPT4,6_GPT4,1
477,Expert3,6_GPT4,3_GPT4,0
478,Expert3,6_NewYorker,3_GPT4,1
479,Expert3,3_GPT4,6_NewYorker,0
480,Expert3,3_GPT4,7_Claude,1
481,Expert3,7_Claude,3_GPT4,0
482,Expert3,3_GPT4,7_GPT3.5,1
483,Expert3,7_GPT3.5,3_GPT4,0
484,Expert3,3_GPT4,7_GPT4,1
485,Expert3,7_GPT4,3_GPT4,0
486,Expert3,7_NewYorker,3_GPT4,1
487,Expert3,3_GPT4,7_NewYorker,0
488,Expert3,4_Claude,3_NewYorker,1
489,Expert3,3_NewYorker,4_Claude,0
490,Expert3,3_NewYorker,4_GPT3.5,1
491,Expert3,4_GPT3.5,3_NewYorker,0
492,Expert3,4_GPT4,3_NewYorker,1
493,Expert3,3_NewYorker,4_GPT4,0
494,Expert3,4_NewYorker,3_NewYorker,1
495,Expert3,3_NewYorker,4_NewYorker,0
496,Expert3,3_NewYorker,5_Claude,1
497,Expert3,5_Claude,3_NewYorker,0
498,Expert3,3_NewYorker,5_GPT3.5,1
499,Expert3,5_GPT3.5,3_NewYorker,0
500,Expert3,3_NewYorker,5_GPT4,1
501,Expert3,5_GPT4,3_NewYorker,0
502,Expert3,5_NewYorker,3_NewYorker,1
503,Expert3,3_NewYorker,5_NewYorker,0
504,Expert3,3_NewYorker,6_Claude,1
505,Expert3,6_Claude,3_NewYorker,0
506,Expert3,3_NewYorker,6_GPT3.5,1
507,Expert3,6_GPT3.5,3_NewYorker,0
508,Expert3,3_NewYorker,6_GPT4,1
509,Expert3,6_GPT4,3_NewYorker,0
510,Expert3,6_NewYorker,3_NewYorker,1
511,Expert3,3_NewYorker,6_NewYorker,0
512,Expert3,3_NewYorker,7_Claude,1
513,Expert3,7_Claude,3_NewYorker,0
514,Expert3,3_NewYorker,7_GPT3.5,1
515,Expert3,7_GPT3.5,3_NewYorker,0
516,Expert3,3_NewYorker,7_GPT4,1
517,Expert3,7_GPT4,3_NewYorker,0
518,Expert3,7_NewYorker,3_NewYorker,1
519,Expert3,3_NewYorker,7_NewYorker,0
520,Expert3,4_Claude,4_GPT3.5,1
521,Expert3,4_GPT3.5,4_Claude,0
522,Expert3,4_GPT4,4_Claude,1
523,Expert3,4_Claude,4_GPT4,0
524,Expert3,4_NewYorker,4_Claude,1
525,Expert3,4_Claude,4_NewYorker,0
526,Expert3,4_Claude,5_Claude,1
527,Expert3,5_Claude,4_Claude,0
528,Expert3,4_Claude,5_GPT3.5,1
529,Expert3,5_GPT3.5,4_Claude,0
530,Expert3,4_Claude,5_GPT4,1
531,Expert3,5_GPT4,4_Claude,0
532,Expert3,5_NewYorker,4_Claude,1
533,Expert3,4_Claude,5_NewYorker,0
534,Expert3,4_Claude,6_Claude,1
535,Expert3,6_Claude,4_Claude,0
536,Expert3,4_Claude,6_GPT3.5,1
537,Expert3,6_GPT3.5,4_Claude,0
538,Expert3,4_Claude,6_GPT4,1
539,Expert3,6_GPT4,4_Claude,0
540,Expert3,6_NewYorker,4_Claude,1
541,Expert3,4_Claude,6_NewYorker,0
542,Expert3,4_Claude,7_Claude,1
543,Expert3,7_Claude,4_Claude,0
544,Expert3,4_Claude,7_GPT3.5,1
545,Expert3,7_GPT3.5,4_Claude,0
546,Expert3,4_Claude,7_GPT4,1
547,Expert3,7_GPT4,4_Claude,0
548,Expert3,7_NewYorker,4_Claude,1
549,Expert3,4_Claude,7_NewYorker,0
550,Expert3,4_GPT4,4_GPT3.5,1
551,Expert3,4_GPT3.5,4_GPT4,0
552,Expert3,4_NewYorker,4_GPT3.5,1
553,Expert3,4_GPT3.5,4_NewYorker,0
554,Expert3,5_Claude,4_GPT3.5,1
555,Expert3,4_GPT3.5,5_Claude,0
556,Expert3,5_GPT3.5,4_GPT3.5,1
557,Expert3,4_GPT3.5,5_GPT3.5,0
558,Expert3,5_GPT4,4_GPT3.5,1
559,Expert3,4_GPT3.5,5_GPT4,0
560,Expert3,5_NewYorker,4_GPT3.5,1
561,Expert3,4_GPT3.5,5_NewYorker,0
562,Expert3,6_Claude,4_GPT3.5,1
563,Expert3,4_GPT3.5,6_Claude,0
564,Expert3,6_GPT4,4_GPT3.5,1
565,Expert3,4_GPT3.5,6_GPT4,0
566,Expert3,6_NewYorker,4_GPT3.5,1
567,Expert3,4_GPT3.5,6_NewYorker,0
568,Expert3,7_GPT4,4_GPT3.5,1
569,Expert3,4_GPT3.5,7_GPT4,0
570,Expert3,7_NewYorker,4_GPT3.5,1
571,Expert3,4_GPT3.5,7_NewYorker,0
572,Expert3,4_NewYorker,4_GPT4,1
573,Expert3,4_GPT4,4_NewYorker,0
574,Expert3,4_GPT4,5_Claude,1
575,Expert3,5_Claude,4_GPT4,0
576,Expert3,4_GPT4,5_GPT3.5,1
577,Expert3,5_GPT3.5,4_GPT4,0
578,Expert3,4_GPT4,5_GPT4,1
579,Expert3,5_GPT4,4_GPT4,0
580,Expert3,5_NewYorker,4_GPT4,1
581,Expert3,4_GPT4,5_NewYorker,0
582,Expert3,4_GPT4,6_Claude,1
583,Expert3,6_Claude,4_GPT4,0
584,Expert3,4_GPT4,6_GPT3.5,1
585,Expert3,6_GPT3.5,4_GPT4,0
586,Expert3,4_GPT4,6_GPT4,1
587,Expert3,6_GPT4,4_GPT4,0
588,Expert3,6_NewYorker,4_GPT4,1
589,Expert3,4_GPT4,6_NewYorker,0
590,Expert3,4_GPT4,7_Claude,1
591,Expert3,7_Claude,4_GPT4,0
592,Expert3,4_GPT4,7_GPT3.5,1
593,Expert3,7_GPT3.5,4_GPT4,0
594,Expert3,4_GPT4,7_GPT4,1
595,Expert3,7_GPT4,4_GPT4,0
596,Expert3,7_NewYorker,4_GPT4,1
597,Expert3,4_GPT4,7_NewYorker,0
598,Expert3,4_NewYorker,5_Claude,1
599,Expert3,5_Claude,4_NewYorker,0
600,Expert3,4_NewYorker,5_GPT3.5,1
601,Expert3,5_GPT3.5,4_NewYorker,0
602,Expert3,4_NewYorker,5_GPT4,1
603,Expert3,5_GPT4,4_NewYorker,0
604,Expert3,4_NewYorker,6_Claude,1
605,Expert3,6_Claude,4_NewYorker,0
606,Expert3,4_NewYorker,6_GPT3.5,1
607,Expert3,6_GPT3.5,4_NewYorker,0
608,Expert3,4_NewYorker,6_GPT4,1
609,Expert3,6_GPT4,4_NewYorker,0
610,Expert3,4_NewYorker,7_Claude,1
611,Expert3,7_Claude,4_NewYorker,0
612,Expert3,4_NewYorker,7_GPT3.5,1
613,Expert3,7_GPT3.5,4_NewYorker,0
614,Expert3,4_NewYorker,7_GPT4,1
615,Expert3,7_GPT4,4_NewYorker,0
616,Expert3,5_Claude,5_GPT3.5,1
617,Expert3,5_GPT3.5,5_Claude,0
618,Expert3,5_Claude,5_GPT4,1
619,Expert3,5_GPT4,5_Claude,0
620,Expert3,5_NewYorker,5_Claude,1
621,Expert3,5_Claude,5_NewYorker,0
622,Expert3,5_Claude,6_Claude,1
623,Expert3,6_Claude,5_Claude,0
624,Expert3,5_Claude,6_GPT3.5,1
625,Expert3,6_GPT3.5,5_Claude,0
626,Expert3,5_Claude,6_GPT4,1
627,Expert3,6_GPT4,5_Claude,0
628,Expert3,6_NewYorker,5_Claude,1
629,Expert3,5_Claude,6_NewYorker,0
630,Expert3,5_Claude,7_Claude,1
631,Expert3,7_Claude,5_Claude,0
632,Expert3,5_Claude,7_GPT3.5,1
633,Expert3,7_GPT3.5,5_Claude,0
634,Expert3,5_Claude,7_GPT4,1
635,Expert3,7_GPT4,5_Claude,0
636,Expert3,7_NewYorker,5_Claude,1
637,Expert3,5_Claude,7_NewYorker,0
638,Expert3,5_GPT3.5,5_GPT4,1
639,Expert3,5_GPT4,5_GPT3.5,0
640,Expert3,5_NewYorker,5_GPT3.5,1
641,Expert3,5_GPT3.5,5_NewYorker,0
642,Expert3,5_GPT3.5,6_Claude,1
643,Expert3,6_Claude,5_GPT3.5,0
644,Expert3,5_GPT3.5,6_GPT3.5,1
645,Expert3,6_GPT3.5,5_GPT3.5,0
646,Expert3,5_GPT3.5,6_GPT4,1
647,Expert3,6_GPT4,5_GPT3.5,0
648,Expert3,6_NewYorker,5_GPT3.5,1
649,Expert3,5_GPT3.5,6_NewYorker,0
650,Expert3,5_GPT3.5,7_Claude,1
651,Expert3,7_Claude,5_GPT3.5,0
652,Expert3,5_GPT3.5,7_GPT3.5,1
653,Expert3,7_GPT3.5,5_GPT3.5,0
654,Expert3,5_GPT3.5,7_GPT4,1
655,Expert3,7_GPT4,5_GPT3.5,0
656,Expert3,7_NewYorker,5_GPT3.5,1
657,Expert3,5_GPT3.5,7_NewYorker,0
658,Expert3,5_NewYorker,5_GPT4,1
659,Expert3,5_GPT4,5_NewYorker,0
660,Expert3,5_GPT4,6_GPT3.5,1
661,Expert3,6_GPT3.5,5_GPT4,0
662,Expert3,6_NewYorker,5_GPT4,1
663,Expert3,5_GPT4,6_NewYorker,0
664,Expert3,5_GPT4,7_Claude,1
665,Expert3,7_Claude,5_GPT4,0
666,Expert3,5_GPT4,7_GPT3.5,1
667,Expert3,7_GPT3.5,5_GPT4,0
668,Expert3,7_NewYorker,5_GPT4,1
669,Expert3,5_GPT4,7_NewYorker,0
670,Expert3,5_NewYorker,6_Claude,1
671,Expert3,6_Claude,5_NewYorker,0
672,Expert3,5_NewYorker,6_GPT3.5,1
673,Expert3,6_GPT3.5,5_NewYorker,0
674,Expert3,5_NewYorker,6_GPT4,1
675,Expert3,6_GPT4,5_NewYorker,0
676,Expert3,5_NewYorker,7_Claude,1
677,Expert3,7_Claude,5_NewYorker,0
678,Expert3,5_NewYorker,7_GPT3.5,1
679,Expert3,7_GPT3.5,5_NewYorker,0
680,Expert3,5_NewYorker,7_GPT4,1
681,Expert3,7_GPT4,5_NewYorker,0
682,Expert3,6_Claude,6_GPT3.5,1
683,Expert3,6_GPT3.5,6_Claude,0
684,Expert3,6_NewYorker,6_Claude,1
685,Expert3,6_Claude,6_NewYorker,0
686,Expert3,6_Claude,7_Claude,1
687,Expert3,7_Claude,6_Claude,0
688,Expert3,6_Claude,7_GPT3.5,1
689,Expert3,7_GPT3.5,6_Claude,0
690,Expert3,7_NewYorker,6_Claude,1
691,Expert3,6_Claude,7_NewYorker,0
692,Expert3,6_GPT4,6_GPT3.5,1
693,Expert3,6_GPT3.5,6_GPT4,0
694,Expert3,6_NewYorker,6_GPT3.5,1
695,Expert3,6_GPT3.5,6_NewYorker,0
696,Expert3,7_GPT4,6_GPT3.5,1
697,Expert3,6_GPT3.5,7_GPT4,0
698,Expert3,7_NewYorker,6_GPT3.5,1
699,Expert3,6_GPT3.5,7_NewYorker,0
700,Expert3,6_NewYorker,6_GPT4,1
701,Expert3,6_GPT4,6_NewYorker,0
702,Expert3,6_GPT4,7_Claude,1
703,Expert3,7_Claude,6_GPT4,0
704,Expert3,6_GPT4,7_GPT3.5,1
705,Expert3,7_GPT3.5,6_GPT4,0
706,Expert3,7_NewYorker,6_GPT4,1
707,Expert3,6_GPT4,7_NewYorker,0
708,Expert3,6_NewYorker,7_Claude,1
709,Expert3,7_Claude,6_NewYorker,0
710,Expert3,6_NewYorker,7_GPT3.5,1
711,Expert3,7_GPT3.5,6_NewYorker,0
712,Expert3,6_NewYorker,7_GPT4,1
713,Expert3,7_GPT4,6_NewYorker,0
714,Expert3,7_GPT4,7_Claude,1
715,Expert3,7_Claude,7_GPT4,0
716,Expert3,7_NewYorker,7_Claude,1
717,Expert3,7_Claude,7_NewYorker,0
718,Expert3,7_GPT4,7_GPT3.5,1
719,Expert3,7_GPT3.5,7_GPT4,0
720,Expert3,7_NewYorker,7_GPT3.5,1
721,Expert3,7_GPT3.5,7_NewYorker,0
722,Expert3,7_NewYorker,7_GPT4,1
723,Expert3,7_GPT4,7_NewYorker,0
724,Expert4,1_Claude,1_GPT3.5,1
725,Expert4,1_GPT3.5,1_Claude,0
726,Expert4,1_Claude,1_GPT4,1
727,Expert4,1_GPT4,1_Claude,0
728,Expert4,1_Claude,1_NewYorker,1
729,Expert4,1_NewYorker,1_Claude,0
730,Expert4,1_Claude,2_Claude,1
731,Expert4,2_Claude,1_Claude,0
732,Expert4,1_Claude,2_GPT3.5,1
733,Expert4,2_GPT3.5,1_Claude,0
734,Expert4,1_Claude,2_GPT4,1
735,Expert4,2_GPT4,1_Claude,0
736,Expert4,1_Claude,6_Claude,1
737,Expert4,6_Claude,1_Claude,0
738,Expert4,1_Claude,6_GPT3.5,1
739,Expert4,6_GPT3.5,1_Claude,0
740,Expert4,1_Claude,6_GPT4,1
741,Expert4,6_GPT4,1_Claude,0
742,Expert4,6_NewYorker,1_Claude,1
743,Expert4,1_Claude,6_NewYorker,0
744,Expert4,1_Claude,8_Claude,1
745,Expert4,8_Claude,1_Claude,0
746,Expert4,1_Claude,8_GPT3.5,1
747,Expert4,8_GPT3.5,1_Claude,0
748,Expert4,1_Claude,8_GPT4,1
749,Expert4,8_GPT4,1_Claude,0
750,Expert4,1_Claude,8_NewYorker,1
751,Expert4,8_NewYorker,1_Claude,0
752,Expert4,1_NewYorker,1_GPT3.5,1
753,Expert4,1_GPT3.5,1_NewYorker,0
754,Expert4,2_Claude,1_GPT3.5,1
755,Expert4,1_GPT3.5,2_Claude,0
756,Expert4,2_NewYorker,1_GPT3.5,1
757,Expert4,1_GPT3.5,2_NewYorker,0
758,Expert4,6_Claude,1_GPT3.5,1
759,Expert4,1_GPT3.5,6_Claude,0
760,Expert4,6_GPT3.5,1_GPT3.5,1
761,Expert4,1_GPT3.5,6_GPT3.5,0
762,Expert4,6_GPT4,1_GPT3.5,1
763,Expert4,1_GPT3.5,6_GPT4,0
764,Expert4,6_NewYorker,1_GPT3.5,1
765,Expert4,1_GPT3.5,6_NewYorker,0
766,Expert4,8_Claude,1_GPT3.5,1
767,Expert4,1_GPT3.5,8_Claude,0
768,Expert4,8_GPT3.5,1_GPT3.5,1
769,Expert4,1_GPT3.5,8_GPT3.5,0
770,Expert4,1_GPT3.5,8_GPT4,1
771,Expert4,8_GPT4,1_GPT3.5,0
772,Expert4,8_NewYorker,1_GPT3.5,1
773,Expert4,1_GPT3.5,8_NewYorker,0
774,Expert4,1_NewYorker,1_GPT4,1
775,Expert4,1_GPT4,1_NewYorker,0
776,Expert4,2_Claude,1_GPT4,1
777,Expert4,1_GPT4,2_Claude,0
778,Expert4,2_NewYorker,1_GPT4,1
779,Expert4,1_GPT4,2_NewYorker,0
780,Expert4,6_Claude,1_GPT4,1
781,Expert4,1_GPT4,6_Claude,0
782,Expert4,6_GPT3.5,1_GPT4,1
783,Expert4,1_GPT4,6_GPT3.5,0
784,Expert4,6_GPT4,1_GPT4,1
785,Expert4,1_GPT4,6_GPT4,0
786,Expert4,6_NewYorker,1_GPT4,1
787,Expert4,1_GPT4,6_NewYorker,0
788,Expert4,8_Claude,1_GPT4,1
789,Expert4,1_GPT4,8_Claude,0
790,Expert4,8_GPT3.5,1_GPT4,1
791,Expert4,1_GPT4,8_GPT3.5,0
792,Expert4,1_GPT4,8_GPT4,1
793,Expert4,8_GPT4,1_GPT4,0
794,Expert4,8_NewYorker,1_GPT4,1
795,Expert4,1_GPT4,8_NewYorker,0
796,Expert4,2_Claude,1_NewYorker,1
797,Expert4,1_NewYorker,2_Claude,0
798,Expert4,1_NewYorker,2_GPT3.5,1
799,Expert4,2_GPT3.5,1_NewYorker,0
800,Expert4,1_NewYorker,2_GPT4,1
801,Expert4,2_GPT4,1_NewYorker,0
802,Expert4,2_NewYorker,1_NewYorker,1
803,Expert4,1_NewYorker,2_NewYorker,0
804,Expert4,6_Claude,1_NewYorker,1
805,Expert4,1_NewYorker,6_Claude,0
806,Expert4,6_GPT3.5,1_NewYorker,1
807,Expert4,1_NewYorker,6_GPT3.5,0
808,Expert4,6_GPT4,1_NewYorker,1
809,Expert4,1_NewYorker,6_GPT4,0
810,Expert4,6_NewYorker,1_NewYorker,1
811,Expert4,1_NewYorker,6_NewYorker,0
812,Expert4,8_Claude,1_NewYorker,1
813,Expert4,1_NewYorker,8_Claude,0
814,Expert4,8_GPT3.5,1_NewYorker,1
815,Expert4,1_NewYorker,8_GPT3.5,0
816,Expert4,1_NewYorker,8_GPT4,1
817,Expert4,8_GPT4,1_NewYorker,0
818,Expert4,8_NewYorker,1_NewYorker,1
819,Expert4,1_NewYorker,8_NewYorker,0
820,Expert4,2_Claude,2_GPT3.5,1
821,Expert4,2_GPT3.5,2_Claude,0
822,Expert4,2_Claude,2_GPT4,1
823,Expert4,2_GPT4,2_Claude,0
824,Expert4,2_NewYorker,2_Claude,1
825,Expert4,2_Claude,2_NewYorker,0
826,Expert4,6_Claude,2_Claude,1
827,Expert4,2_Claude,6_Claude,0
828,Expert4,6_NewYorker,2_Claude,1
829,Expert4,2_Claude,6_NewYorker,0
830,Expert4,8_Claude,2_Claude,1
831,Expert4,2_Claude,8_Claude,0
832,Expert4,8_GPT3.5,2_Claude,1
833,Expert4,2_Claude,8_GPT3.5,0
834,Expert4,2_Claude,8_GPT4,1
835,Expert4,8_GPT4,2_Claude,0
836,Expert4,8_NewYorker,2_Claude,1
837,Expert4,2_Claude,8_NewYorker,0
838,Expert4,2_NewYorker,2_GPT3.5,1
839,Expert4,2_GPT3.5,2_NewYorker,0
840,Expert4,6_Claude,2_GPT3.5,1
841,Expert4,2_GPT3.5,6_Claude,0
842,Expert4,6_GPT3.5,2_GPT3.5,1
843,Expert4,2_GPT3.5,6_GPT3.5,0
844,Expert4,6_GPT4,2_GPT3.5,1
845,Expert4,2_GPT3.5,6_GPT4,0
846,Expert4,6_NewYorker,2_GPT3.5,1
847,Expert4,2_GPT3.5,6_NewYorker,0
848,Expert4,8_Claude,2_GPT3.5,1
849,Expert4,2_GPT3.5,8_Claude,0
850,Expert4,8_GPT3.5,2_GPT3.5,1
851,Expert4,2_GPT3.5,8_GPT3.5,0
852,Expert4,2_GPT3.5,8_GPT4,1
853,Expert4,8_GPT4,2_GPT3.5,0
854,Expert4,8_NewYorker,2_GPT3.5,1
855,Expert4,2_GPT3.5,8_NewYorker,0
856,Expert4,2_NewYorker,2_GPT4,1
857,Expert4,2_GPT4,2_NewYorker,0
858,Expert4,6_Claude,2_GPT4,1
859,Expert4,2_GPT4,6_Claude,0
860,Expert4,6_GPT3.5,2_GPT4,1
861,Expert4,2_GPT4,6_GPT3.5,0
862,Expert4,6_GPT4,2_GPT4,1
863,Expert4,2_GPT4,6_GPT4,0
864,Expert4,6_NewYorker,2_GPT4,1
865,Expert4,2_GPT4,6_NewYorker,0
866,Expert4,8_Claude,2_GPT4,1
867,Expert4,2_GPT4,8_Claude,0
868,Expert4,8_GPT3.5,2_GPT4,1
869,Expert4,2_GPT4,8_GPT3.5,0
870,Expert4,2_GPT4,8_GPT4,1
871,Expert4,8_GPT4,2_GPT4,0
872,Expert4,8_NewYorker,2_GPT4,1
873,Expert4,2_GPT4,8_NewYorker,0
874,Expert4,2_NewYorker,6_Claude,1
875,Expert4,6_Claude,2_NewYorker,0
876,Expert4,2_NewYorker,6_GPT3.5,1
877,Expert4,6_GPT3.5,2_NewYorker,0
878,Expert4,2_NewYorker,6_GPT4,1
879,Expert4,6_GPT4,2_NewYorker,0
880,Expert4,6_NewYorker,2_NewYorker,1
881,Expert4,2_NewYorker,6_NewYorker,0
882,Expert4,2_NewYorker,8_Claude,1
883,Expert4,8_Claude,2_NewYorker,0
884,Expert4,2_NewYorker,8_GPT3.5,1
885,Expert4,8_GPT3.5,2_NewYorker,0
886,Expert4,2_NewYorker,8_GPT4,1
887,Expert4,8_GPT4,2_NewYorker,0
888,Expert4,2_NewYorker,8_NewYorker,1
889,Expert4,8_NewYorker,2_NewYorker,0
890,Expert4,6_Claude,6_GPT3.5,1
891,Expert4,6_GPT3.5,6_Claude,0
892,Expert4,6_Claude,6_GPT4,1
893,Expert4,6_GPT4,6_Claude,0
894,Expert4,6_NewYorker,6_Claude,1
895,Expert4,6_Claude,6_NewYorker,0
896,Expert4,6_Claude,8_GPT4,1
897,Expert4,8_GPT4,6_Claude,0
898,Expert4,8_NewYorker,6_Claude,1
899,Expert4,6_Claude,8_NewYorker,0
900,Expert4,6_NewYorker,6_GPT3.5,1
901,Expert4,6_GPT3.5,6_NewYorker,0
902,Expert4,8_Claude,6_GPT3.5,1
903,Expert4,6_GPT3.5,8_Claude,0
904,Expert4,8_GPT3.5,6_GPT3.5,1
905,Expert4,6_GPT3.5,8_GPT3.5,0
906,Expert4,6_GPT3.5,8_GPT4,1
907,Expert4,8_GPT4,6_GPT3.5,0
908,Expert4,8_NewYorker,6_GPT3.5,1
909,Expert4,6_GPT3.5,8_NewYorker,0
910,Expert4,6_NewYorker,6_GPT4,1
911,Expert4,6_GPT4,6_NewYorker,0
912,Expert4,8_Claude,6_GPT4,1
913,Expert4,6_GPT4,8_Claude,0
914,Expert4,8_GPT3.5,6_GPT4,1
915,Expert4,6_GPT4,8_GPT3.5,0
916,Expert4,6_GPT4,8_GPT4,1
917,Expert4,8_GPT4,6_GPT4,0
918,Expert4,8_NewYorker,6_GPT4,1
919,Expert4,6_GPT4,8_NewYorker,0
920,Expert4,6_NewYorker,8_Claude,1
921,Expert4,8_Claude,6_NewYorker,0
922,Expert4,6_NewYorker,8_GPT3.5,1
923,Expert4,8_GPT3.5,6_NewYorker,0
924,Expert4,6_NewYorker,8_GPT4,1
925,Expert4,8_GPT4,6_NewYorker,0
926,Expert4,6_NewYorker,8_NewYorker,1
927,Expert4,8_NewYorker,6_NewYorker,0
928,Expert4,8_Claude,8_GPT4,1
929,Expert4,8_GPT4,8_Claude,0
930,Expert4,8_NewYorker,8_Claude,1
931,Expert4,8_Claude,8_NewYorker,0
932,Expert4,8_GPT3.5,8_GPT4,1
933,Expert4,8_GPT4,8_GPT3.5,0
934,Expert4,8_NewYorker,8_GPT3.5,1
935,Expert4,8_GPT3.5,8_NewYorker,0
936,Expert4,8_NewYorker,8_GPT4,1
937,Expert4,8_GPT4,8_NewYorker,0
938,Expert5,9_NewYorker,9_Claude,1
939,Expert5,9_Claude,9_NewYorker,0
940,Expert5,9_NewYorker,9_GPT3.5,1
941,Expert5,9_GPT3.5,9_NewYorker,0
942,Expert5,9_NewYorker,9_GPT4,1
943,Expert5,9_GPT4,9_NewYorker,0
944,Expert6,2_Claude,2_GPT3.5,1
945,Expert6,2_GPT3.5,2_Claude,0
946,Expert6,2_GPT4,2_Claude,1
947,Expert6,2_Claude,2_GPT4,0
948,Expert6,2_NewYorker,2_Claude,1
949,Expert6,2_Claude,2_NewYorker,0
950,Expert6,8_Claude,2_Claude,1
951,Expert6,2_Claude,8_Claude,0
952,Expert6,2_Claude,8_GPT3.5,1
953,Expert6,8_GPT3.5,2_Claude,0
954,Expert6,2_Claude,8_GPT4,1
955,Expert6,8_GPT4,2_Claude,0
956,Expert6,8_NewYorker,2_Claude,1
957,Expert6,2_Claude,8_NewYorker,0
958,Expert6,2_GPT4,2_GPT3.5,1
959,Expert6,2_GPT3.5,2_GPT4,0
960,Expert6,2_NewYorker,2_GPT3.5,1
961,Expert6,2_GPT3.5,2_NewYorker,0
962,Expert6,8_Claude,2_GPT3.5,1
963,Expert6,2_GPT3.5,8_Claude,0
964,Expert6,2_GPT3.5,8_GPT3.5,1
965,Expert6,8_GPT3.5,2_GPT3.5,0
966,Expert6,8_GPT4,2_GPT3.5,1
967,Expert6,2_GPT3.5,8_GPT4,0
968,Expert6,8_NewYorker,2_GPT3.5,1
969,Expert6,2_GPT3.5,8_NewYorker,0
970,Expert6,2_NewYorker,2_GPT4,1
971,Expert6,2_GPT4,2_NewYorker,0
972,Expert6,2_GPT4,8_Claude,1
973,Expert6,8_Claude,2_GPT4,0
974,Expert6,2_GPT4,8_GPT3.5,1
975,Expert6,8_GPT3.5,2_GPT4,0
976,Expert6,2_GPT4,8_GPT4,1
977,Expert6,8_GPT4,2_GPT4,0
978,Expert6,8_NewYorker,2_GPT4,1
979,Expert6,2_GPT4,8_NewYorker,0
980,Expert6,2_NewYorker,8_Claude,1
981,Expert6,8_Claude,2_NewYorker,0
982,Expert6,2_NewYorker,8_GPT3.5,1
983,Expert6,8_GPT3.5,2_NewYorker,0
984,Expert6,2_NewYorker,8_GPT4,1
985,Expert6,8_GPT4,2_NewYorker,0
986,Expert6,2_NewYorker,8_NewYorker,1
987,Expert6,8_NewYorker,2_NewYorker,0
988,Expert6,8_Claude,8_GPT3.5,1
989,Expert6,8_GPT3.5,8_Claude,0
990,Expert6,8_Claude,8_GPT4,1
991,Expert6,8_GPT4,8_Claude,0
992,Expert6,8_NewYorker,8_Claude,1
993,Expert6,8_Claude,8_NewYorker,0
994,Expert6,8_GPT4,8_GPT3.5,1
995,Expert6,8_GPT3.5,8_GPT4,0
996,Expert6,8_NewYorker,8_GPT3.5,1
997,Expert6,8_GPT3.5,8_NewYorker,0
998,Expert6,8_NewYorker,8_GPT4,1
999,Expert6,8_GPT4,8_NewYorker,0
1000,Expert7,0_Claude,0_GPT3.5,1
1001,Expert7,0_GPT3.5,0_Claude,0
1002,Expert7,0_GPT4,0_Claude,1
1003,Expert7,0_Claude,0_GPT4,0
1004,Expert7,0_NewYorker,0_Claude,1
1005,Expert7,0_Claude,0_NewYorker,0
1006,Expert7,0_GPT4,0_GPT3.5,1
1007,Expert7,0_GPT3.5,0_GPT4,0
1008,Expert7,0_NewYorker,0_GPT3.5,1
1009,Expert7,0_GPT3.5,0_NewYorker,0
1010,Expert7,0_NewYorker,0_GPT4,1
1011,Expert7,0_GPT4,0_NewYorker,0
1012,Expert8,10_Claude,10_GPT3.5,1
1013,Expert8,10_GPT3.5,10_Claude,0
1014,Expert8,10_GPT4,10_Claude,1
1015,Expert8,10_Claude,10_GPT4,0
1016,Expert8,10_NewYorker,10_Claude,1
1017,Expert8,10_Claude,10_NewYorker,0
1018,Expert8,10_Claude,1_Claude,1
1019,Expert8,1_Claude,10_Claude,0
1020,Expert8,10_Claude,1_GPT3.5,1
1021,Expert8,1_GPT3.5,10_Claude,0
1022,Expert8,10_Claude,1_GPT4,1
1023,Expert8,1_GPT4,10_Claude,0
1024,Expert8,1_NewYorker,10_Claude,1
1025,Expert8,10_Claude,1_NewYorker,0
1026,Expert8,10_Claude,2_GPT3.5,1
1027,Expert8,2_GPT3.5,10_Claude,0
1028,Expert8,2_GPT4,10_Claude,1
1029,Expert8,10_Claude,2_GPT4,0
1030,Expert8,2_NewYorker,10_Claude,1
1031,Expert8,10_Claude,2_NewYorker,0
1032,Expert8,10_GPT4,10_GPT3.5,1
1033,Expert8,10_GPT3.5,10_GPT4,0
1034,Expert8,10_NewYorker,10_GPT3.5,1
1035,Expert8,10_GPT3.5,10_NewYorker,0
1036,Expert8,1_NewYorker,10_GPT3.5,1
1037,Expert8,10_GPT3.5,1_NewYorker,0
1038,Expert8,2_Claude,10_GPT3.5,1
1039,Expert8,10_GPT3.5,2_Claude,0
1040,Expert8,2_GPT4,10_GPT3.5,1
1041,Expert8,10_GPT3.5,2_GPT4,0
1042,Expert8,2_NewYorker,10_GPT3.5,1
1043,Expert8,10_GPT3.5,2_NewYorker,0
1044,Expert8,10_NewYorker,10_GPT4,1
1045,Expert8,10_GPT4,10_NewYorker,0
1046,Expert8,10_GPT4,1_Claude,1
1047,Expert8,1_Claude,10_GPT4,0
1048,Expert8,10_GPT4,1_GPT3.5,1
1049,Expert8,1_GPT3.5,10_GPT4,0
1050,Expert8,10_GPT4,1_GPT4,1
1051,Expert8,1_GPT4,10_GPT4,0
1052,Expert8,1_NewYorker,10_GPT4,1
1053,Expert8,10_GPT4,1_NewYorker,0
1054,Expert8,10_GPT4,2_Claude,1
1055,Expert8,2_Claude,10_GPT4,0
1056,Expert8,10_GPT4,2_GPT3.5,1
1057,Expert8,2_GPT3.5,10_GPT4,0
1058,Expert8,10_GPT4,2_GPT4,1
1059,Expert8,2_GPT4,10_GPT4,0
1060,Expert8,2_NewYorker,10_GPT4,1
1061,Expert8,10_GPT4,2_NewYorker,0
1062,Expert8,10_NewYorker,1_Claude,1
1063,Expert8,1_Claude,10_NewYorker,0
1064,Expert8,10_NewYorker,1_GPT3.5,1
1065,Expert8,1_GPT3.5,10_NewYorker,0
1066,Expert8,10_NewYorker,1_GPT4,1
1067,Expert8,1_GPT4,10_NewYorker,0
1068,Expert8,10_NewYorker,1_NewYorker,1
1069,Expert8,1_NewYorker,10_NewYorker,0
1070,Expert8,10_NewYorker,2_Claude,1
1071,Expert8,2_Claude,10_NewYorker,0
1072,Expert8,10_NewYorker,2_GPT3.5,1
1073,Expert8,2_GPT3.5,10_NewYorker,0
1074,Expert8,10_NewYorker,2_GPT4,1
1075,Expert8,2_GPT4,10_NewYorker,0
1076,Expert8,10_NewYorker,2_NewYorker,1
1077,Expert8,2_NewYorker,10_NewYorker,0
1078,Expert8,1_NewYorker,1_Claude,1
1079,Expert8,1_Claude,1_NewYorker,0
1080,Expert8,2_Claude,1_Claude,1
1081,Expert8,1_Claude,2_Claude,0
1082,Expert8,2_GPT4,1_Claude,1
1083,Expert8,1_Claude,2_GPT4,0
1084,Expert8,2_NewYorker,1_Claude,1
1085,Expert8,1_Claude,2_NewYorker,0
1086,Expert8,1_NewYorker,1_GPT3.5,1
1087,Expert8,1_GPT3.5,1_NewYorker,0
1088,Expert8,2_Claude,1_GPT3.5,1
1089,Expert8,1_GPT3.5,2_Claude,0
1090,Expert8,2_GPT4,1_GPT3.5,1
1091,Expert8,1_GPT3.5,2_GPT4,0
1092,Expert8,2_NewYorker,1_GPT3.5,1
1093,Expert8,1_GPT3.5,2_NewYorker,0
1094,Expert8,1_NewYorker,1_GPT4,1
1095,Expert8,1_GPT4,1_NewYorker,0
1096,Expert8,2_Claude,1_GPT4,1
1097,Expert8,1_GPT4,2_Claude,0
1098,Expert8,2_GPT4,1_GPT4,1
1099,Expert8,1_GPT4,2_GPT4,0
1100,Expert8,2_NewYorker,1_GPT4,1
1101,Expert8,1_GPT4,2_NewYorker,0
1102,Expert8,1_NewYorker,2_Claude,1
1103,Expert8,2_Claude,1_NewYorker,0
1104,Expert8,1_NewYorker,2_GPT3.5,1
1105,Expert8,2_GPT3.5,1_NewYorker,0
1106,Expert8,1_NewYorker,2_GPT4,1
1107,Expert8,2_GPT4,1_NewYorker,0
1108,Expert8,1_NewYorker,2_NewYorker,1
1109,Expert8,2_NewYorker,1_NewYorker,0
1110,Expert8,2_Claude,2_GPT3.5,1
1111,Expert8,2_GPT3.5,2_Claude,0
1112,Expert8,2_GPT4,2_Claude,1
1113,Expert8,2_Claude,2_GPT4,0
1114,Expert8,2_NewYorker,2_Claude,1
1115,Expert8,2_Claude,2_NewYorker,0
1116,Expert8,2_GPT4,2_GPT3.5,1
1117,Expert8,2_GPT3.5,2_GPT4,0
1118,Expert8,2_NewYorker,2_GPT3.5,1
1119,Expert8,2_GPT3.5,2_NewYorker,0
1120,Expert8,2_NewYorker,2_GPT4,1
1121,Expert8,2_GPT4,2_NewYorker,0
1122,Expert9,0_Claude,0_GPT3.5,1
1123,Expert9,0_GPT3.5,0_Claude,0
1124,Expert9,0_GPT4,0_Claude,1
1125,Expert9,0_Claude,0_GPT4,0
1126,Expert9,0_NewYorker,0_Claude,1
1127,Expert9,0_Claude,0_NewYorker,0
1128,Expert9,0_Claude,11_GPT3.5,1
1129,Expert9,11_GPT3.5,0_Claude,0
1130,Expert9,11_GPT4,0_Claude,1
1131,Expert9,0_Claude,11_GPT4,0
1132,Expert9,11_NewYorker,0_Claude,1
1133,Expert9,0_Claude,11_NewYorker,0
1134,Expert9,0_Claude,1_Claude,1
1135,Expert9,1_Claude,0_Claude,0
1136,Expert9,0_Claude,1_GPT3.5,1
1137,Expert9,1_GPT3.5,0_Claude,0
1138,Expert9,0_Claude,1_GPT4,1
1139,Expert9,1_GPT4,0_Claude,0
1140,Expert9,1_NewYorker,0_Claude,1
1141,Expert9,0_Claude,1_NewYorker,0
1142,Expert9,0_Claude,3_Claude,1
1143,Expert9,3_Claude,0_Claude,0
1144,Expert9,0_Claude,3_GPT3.5,1
1145,Expert9,3_GPT3.5,0_Claude,0
1146,Expert9,0_Claude,3_GPT4,1
1147,Expert9,3_GPT4,0_Claude,0
1148,Expert9,3_NewYorker,0_Claude,1
1149,Expert9,0_Claude,3_NewYorker,0
1150,Expert9,4_Claude,0_Claude,1
1151,Expert9,0_Claude,4_Claude,0
1152,Expert9,0_Claude,4_GPT3.5,1
1153,Expert9,4_GPT3.5,0_Claude,0
1154,Expert9,4_GPT4,0_Claude,1
1155,Expert9,0_Claude,4_GPT4,0
1156,Expert9,4_NewYorker,0_Claude,1
1157,Expert9,0_Claude,4_NewYorker,0
1158,Expert9,5_Claude,0_Claude,1
1159,Expert9,0_Claude,5_Claude,0
1160,Expert9,0_Claude,5_GPT3.5,1
1161,Expert9,5_GPT3.5,0_Claude,0
1162,Expert9,0_Claude,5_GPT4,1
1163,Expert9,5_GPT4,0_Claude,0
1164,Expert9,5_NewYorker,0_Claude,1
1165,Expert9,0_Claude,5_NewYorker,0
1166,Expert9,7_Claude,0_Claude,1
1167,Expert9,0_Claude,7_Claude,0
1168,Expert9,0_Claude,7_GPT3.5,1
1169,Expert9,7_GPT3.5,0_Claude,0
1170,Expert9,7_GPT4,0_Claude,1
1171,Expert9,0_Claude,7_GPT4,0
1172,Expert9,7_NewYorker,0_Claude,1
1173,Expert9,0_Claude,7_NewYorker,0
1174,Expert9,8_Claude,0_Claude,1
1175,Expert9,0_Claude,8_Claude,0
1176,Expert9,0_Claude,8_GPT3.5,1
1177,Expert9,8_GPT3.5,0_Claude,0
1178,Expert9,0_Claude,8_GPT4,1
1179,Expert9,8_GPT4,0_Claude,0
1180,Expert9,8_NewYorker,0_Claude,1
1181,Expert9,0_Claude,8_NewYorker,0
1182,Expert9,9_Claude,0_Claude,1
1183,Expert9,0_Claude,9_Claude,0
1184,Expert9,0_Claude,9_GPT3.5,1
1185,Expert9,9_GPT3.5,0_Claude,0
1186,Expert9,0_Claude,9_GPT4,1
1187,Expert9,9_GPT4,0_Claude,0
1188,Expert9,9_NewYorker,0_Claude,1
1189,Expert9,0_Claude,9_NewYorker,0
1190,Expert9,0_GPT4,0_GPT3.5,1
1191,Expert9,0_GPT3.5,0_GPT4,0
1192,Expert9,0_NewYorker,0_GPT3.5,1
1193,Expert9,0_GPT3.5,0_NewYorker,0
1194,Expert9,11_Claude,0_GPT3.5,1
1195,Expert9,0_GPT3.5,11_Claude,0
1196,Expert9,11_GPT3.5,0_GPT3.5,1
1197,Expert9,0_GPT3.5,11_GPT3.5,0
1198,Expert9,11_GPT4,0_GPT3.5,1
1199,Expert9,0_GPT3.5,11_GPT4,0
1200,Expert9,11_NewYorker,0_GPT3.5,1
1201,Expert9,0_GPT3.5,11_NewYorker,0
1202,Expert9,0_GPT3.5,1_Claude,1
1203,Expert9,1_Claude,0_GPT3.5,0
1204,Expert9,1_GPT4,0_GPT3.5,1
1205,Expert9,0_GPT3.5,1_GPT4,0
1206,Expert9,1_NewYorker,0_GPT3.5,1
1207,Expert9,0_GPT3.5,1_NewYorker,0
1208,Expert9,3_Claude,0_GPT3.5,1
1209,Expert9,0_GPT3.5,3_Claude,0
1210,Expert9,3_GPT4,0_GPT3.5,1
1211,Expert9,0_GPT3.5,3_GPT4,0
1212,Expert9,3_NewYorker,0_GPT3.5,1
1213,Expert9,0_GPT3.5,3_NewYorker,0
1214,Expert9,4_Claude,0_GPT3.5,1
1215,Expert9,0_GPT3.5,4_Claude,0
1216,Expert9,0_GPT3.5,4_GPT3.5,1
1217,Expert9,4_GPT3.5,0_GPT3.5,0
1218,Expert9,4_GPT4,0_GPT3.5,1
1219,Expert9,0_GPT3.5,4_GPT4,0
1220,Expert9,4_NewYorker,0_GPT3.5,1
1221,Expert9,0_GPT3.5,4_NewYorker,0
1222,Expert9,5_Claude,0_GPT3.5,1
1223,Expert9,0_GPT3.5,5_Claude,0
1224,Expert9,0_GPT3.5,5_GPT3.5,1
1225,Expert9,5_GPT3.5,0_GPT3.5,0
1226,Expert9,0_GPT3.5,5_GPT4,1
1227,Expert9,5_GPT4,0_GPT3.5,0
1228,Expert9,5_NewYorker,0_GPT3.5,1
1229,Expert9,0_GPT3.5,5_NewYorker,0
1230,Expert9,7_Claude,0_GPT3.5,1
1231,Expert9,0_GPT3.5,7_Claude,0
1232,Expert9,0_GPT3.5,7_GPT3.5,1
1233,Expert9,7_GPT3.5,0_GPT3.5,0
1234,Expert9,7_GPT4,0_GPT3.5,1
1235,Expert9,0_GPT3.5,7_GPT4,0
1236,Expert9,7_NewYorker,0_GPT3.5,1
1237,Expert9,0_GPT3.5,7_NewYorker,0
1238,Expert9,8_Claude,0_GPT3.5,1
1239,Expert9,0_GPT3.5,8_Claude,0
1240,Expert9,8_GPT3.5,0_GPT3.5,1
1241,Expert9,0_GPT3.5,8_GPT3.5,0
1242,Expert9,8_NewYorker,0_GPT3.5,1
1243,Expert9,0_GPT3.5,8_NewYorker,0
1244,Expert9,9_Claude,0_GPT3.5,1
1245,Expert9,0_GPT3.5,9_Claude,0
1246,Expert9,0_GPT3.5,9_GPT3.5,1
1247,Expert9,9_GPT3.5,0_GPT3.5,0
1248,Expert9,9_GPT4,0_GPT3.5,1
1249,Expert9,0_GPT3.5,9_GPT4,0
1250,Expert9,9_NewYorker,0_GPT3.5,1
1251,Expert9,0_GPT3.5,9_NewYorker,0
1252,Expert9,0_NewYorker,0_GPT4,1
1253,Expert9,0_GPT4,0_NewYorker,0
1254,Expert9,0_GPT4,11_Claude,1
1255,Expert9,11_Claude,0_GPT4,0
1256,Expert9,0_GPT4,11_GPT3.5,1
1257,Expert9,11_GPT3.5,0_GPT4,0
1258,Expert9,0_GPT4,11_GPT4,1
1259,Expert9,11_GPT4,0_GPT4,0
1260,Expert9,11_NewYorker,0_GPT4,1
1261,Expert9,0_GPT4,11_NewYorker,0
1262,Expert9,0_GPT4,1_Claude,1
1263,Expert9,1_Claude,0_GPT4,0
1264,Expert9,0_GPT4,1_GPT3.5,1
1265,Expert9,1_GPT3.5,0_GPT4,0
1266,Expert9,0_GPT4,1_GPT4,1
1267,Expert9,1_GPT4,0_GPT4,0
1268,Expert9,0_GPT4,1_NewYorker,1
1269,Expert9,1_NewYorker,0_GPT4,0
1270,Expert9,0_GPT4,3_Claude,1
1271,Expert9,3_Claude,0_GPT4,0
1272,Expert9,0_GPT4,3_GPT3.5,1
1273,Expert9,3_GPT3.5,0_GPT4,0
1274,Expert9,0_GPT4,3_GPT4,1
1275,Expert9,3_GPT4,0_GPT4,0
1276,Expert9,3_NewYorker,0_GPT4,1
1277,Expert9,0_GPT4,3_NewYorker,0
1278,Expert9,0_GPT4,4_Claude,1
1279,Expert9,4_Claude,0_GPT4,0
1280,Expert9,0_GPT4,4_GPT3.5,1
1281,Expert9,4_GPT3.5,0_GPT4,0
1282,Expert9,0_GPT4,4_GPT4,1
1283,Expert9,4_GPT4,0_GPT4,0
1284,Expert9,4_NewYorker,0_GPT4,1
1285,Expert9,0_GPT4,4_NewYorker,0
1286,Expert9,0_GPT4,5_Claude,1
1287,Expert9,5_Claude,0_GPT4,0
1288,Expert9,0_GPT4,5_GPT3.5,1
1289,Expert9,5_GPT3.5,0_GPT4,0
1290,Expert9,0_GPT4,5_GPT4,1
1291,Expert9,5_GPT4,0_GPT4,0
1292,Expert9,5_NewYorker,0_GPT4,1
1293,Expert9,0_GPT4,5_NewYorker,0
1294,Expert9,0_GPT4,7_Claude,1
1295,Expert9,7_Claude,0_GPT4,0
1296,Expert9,0_GPT4,7_GPT3.5,1
1297,Expert9,7_GPT3.5,0_GPT4,0
1298,Expert9,0_GPT4,7_GPT4,1
1299,Expert9,7_GPT4,0_GPT4,0
1300,Expert9,7_NewYorker,0_GPT4,1
1301,Expert9,0_GPT4,7_NewYorker,0
1302,Expert9,0_GPT4,8_Claude,1
1303,Expert9,8_Claude,0_GPT4,0
1304,Expert9,0_GPT4,8_GPT3.5,1
1305,Expert9,8_GPT3.5,0_GPT4,0
1306,Expert9,0_GPT4,8_GPT4,1
1307,Expert9,8_GPT4,0_GPT4,0
1308,Expert9,0_GPT4,8_NewYorker,1
1309,Expert9,8_NewYorker,0_GPT4,0
1310,Expert9,0_GPT4,9_Claude,1
1311,Expert9,9_Claude,0_GPT4,0
1312,Expert9,0_GPT4,9_GPT3.5,1
1313,Expert9,9_GPT3.5,0_GPT4,0
1314,Expert9,0_GPT4,9_GPT4,1
1315,Expert9,9_GPT4,0_GPT4,0
1316,Expert9,9_NewYorker,0_GPT4,1
1317,Expert9,0_GPT4,9_NewYorker,0
1318,Expert9,0_NewYorker,11_Claude,1
1319,Expert9,11_Claude,0_NewYorker,0
1320,Expert9,0_NewYorker,11_GPT3.5,1
1321,Expert9,11_GPT3.5,0_NewYorker,0
1322,Expert9,0_NewYorker,11_GPT4,1
1323,Expert9,11_GPT4,0_NewYorker,0
1324,Expert9,11_NewYorker,0_NewYorker,1
1325,Expert9,0_NewYorker,11_NewYorker,0
1326,Expert9,0_NewYorker,1_Claude,1
1327,Expert9,1_Claude,0_NewYorker,0
1328,Expert9,0_NewYorker,1_GPT3.5,1
1329,Expert9,1_GPT3.5,0_NewYorker,0
1330,Expert9,0_NewYorker,1_GPT4,1
1331,Expert9,1_GPT4,0_NewYorker,0
1332,Expert9,0_NewYorker,1_NewYorker,1
1333,Expert9,1_NewYorker,0_NewYorker,0
1334,Expert9,0_NewYorker,3_Claude,1
1335,Expert9,3_Claude,0_NewYorker,0
1336,Expert9,0_NewYorker,3_GPT3.5,1
1337,Expert9,3_GPT3.5,0_NewYorker,0
1338,Expert9,0_NewYorker,3_GPT4,1
1339,Expert9,3_GPT4,0_NewYorker,0
1340,Expert9,0_NewYorker,4_Claude,1
1341,Expert9,4_Claude,0_NewYorker,0
1342,Expert9,0_NewYorker,4_GPT3.5,1
1343,Expert9,4_GPT3.5,0_NewYorker,0
1344,Expert9,0_NewYorker,4_GPT4,1
1345,Expert9,4_GPT4,0_NewYorker,0
1346,Expert9,4_NewYorker,0_NewYorker,1
1347,Expert9,0_NewYorker,4_NewYorker,0
1348,Expert9,0_NewYorker,5_Claude,1
1349,Expert9,5_Claude,0_NewYorker,0
1350,Expert9,0_NewYorker,5_GPT3.5,1
1351,Expert9,5_GPT3.5,0_NewYorker,0
1352,Expert9,0_NewYorker,5_GPT4,1
1353,Expert9,5_GPT4,0_NewYorker,0
1354,Expert9,5_NewYorker,0_NewYorker,1
1355,Expert9,0_NewYorker,5_NewYorker,0
1356,Expert9,0_NewYorker,7_Claude,1
1357,Expert9,7_Claude,0_NewYorker,0
1358,Expert9,0_NewYorker,7_GPT3.5,1
1359,Expert9,7_GPT3.5,0_NewYorker,0
1360,Expert9,0_NewYorker,7_GPT4,1
1361,Expert9,7_GPT4,0_NewYorker,0
1362,Expert9,0_NewYorker,8_Claude,1
1363,Expert9,8_Claude,0_NewYorker,0
1364,Expert9,0_NewYorker,8_GPT3.5,1
1365,Expert9,8_GPT3.5,0_NewYorker,0
1366,Expert9,0_NewYorker,8_GPT4,1
1367,Expert9,8_GPT4,0_NewYorker,0
1368,Expert9,0_NewYorker,8_NewYorker,1
1369,Expert9,8_NewYorker,0_NewYorker,0
1370,Expert9,0_NewYorker,9_Claude,1
1371,Expert9,9_Claude,0_NewYorker,0
1372,Expert9,0_NewYorker,9_GPT3.5,1
1373,Expert9,9_GPT3.5,0_NewYorker,0
1374,Expert9,0_NewYorker,9_GPT4,1
1375,Expert9,9_GPT4,0_NewYorker,0
1376,Expert9,9_NewYorker,0_NewYorker,1
1377,Expert9,0_NewYorker,9_NewYorker,0
1378,Expert9,11_Claude,11_GPT3.5,1
1379,Expert9,11_GPT3.5,11_Claude,0
1380,Expert9,11_GPT4,11_Claude,1
1381,Expert9,11_Claude,11_GPT4,0
1382,Expert9,11_NewYorker,11_Claude,1
1383,Expert9,11_Claude,11_NewYorker,0
1384,Expert9,11_Claude,1_Claude,1
1385,Expert9,1_Claude,11_Claude,0
1386,Expert9,11_Claude,1_GPT3.5,1
1387,Expert9,1_GPT3.5,11_Claude,0
1388,Expert9,11_Claude,1_GPT4,1
1389,Expert9,1_GPT4,11_Claude,0
1390,Expert9,1_NewYorker,11_Claude,1
1391,Expert9,11_Claude,1_NewYorker,0
1392,Expert9,11_Claude,3_Claude,1
1393,Expert9,3_Claude,11_Claude,0
1394,Expert9,11_Claude,3_GPT3.5,1
1395,Expert9,3_GPT3.5,11_Claude,0
1396,Expert9,11_Claude,3_GPT4,1
1397,Expert9,3_GPT4,11_Claude,0
1398,Expert9,3_NewYorker,11_Claude,1
1399,Expert9,11_Claude,3_NewYorker,0
1400,Expert9,4_Claude,11_Claude,1
1401,Expert9,11_Claude,4_Claude,0
1402,Expert9,11_Claude,4_GPT3.5,1
1403,Expert9,4_GPT3.5,11_Claude,0
1404,Expert9,4_GPT4,11_Claude,1
1405,Expert9,11_Claude,4_GPT4,0
1406,Expert9,4_NewYorker,11_Claude,1
1407,Expert9,11_Claude,4_NewYorker,0
1408,Expert9,5_Claude,11_Claude,1
1409,Expert9,11_Claude,5_Claude,0
1410,Expert9,11_Claude,5_GPT3.5,1
1411,Expert9,5_GPT3.5,11_Claude,0
1412,Expert9,11_Claude,5_GPT4,1
1413,Expert9,5_GPT4,11_Claude,0
1414,Expert9,5_NewYorker,11_Claude,1
1415,Expert9,11_Claude,5_NewYorker,0
1416,Expert9,7_Claude,11_Claude,1
1417,Expert9,11_Claude,7_Claude,0
1418,Expert9,11_Claude,7_GPT3.5,1
1419,Expert9,7_GPT3.5,11_Claude,0
1420,Expert9,7_GPT4,11_Claude,1
1421,Expert9,11_Claude,7_GPT4,0
1422,Expert9,7_NewYorker,11_Claude,1
1423,Expert9,11_Claude,7_NewYorker,0
1424,Expert9,8_Claude,11_Claude,1
1425,Expert9,11_Claude,8_Claude,0
1426,Expert9,11_Claude,8_GPT3.5,1
1427,Expert9,8_GPT3.5,11_Claude,0
1428,Expert9,11_Claude,8_GPT4,1
1429,Expert9,8_GPT4,11_Claude,0
1430,Expert9,8_NewYorker,11_Claude,1
1431,Expert9,11_Claude,8_NewYorker,0
1432,Expert9,9_Claude,11_Claude,1
1433,Expert9,11_Claude,9_Claude,0
1434,Expert9,11_Claude,9_GPT3.5,1
1435,Expert9,9_GPT3.5,11_Claude,0
1436,Expert9,11_Claude,9_GPT4,1
1437,Expert9,9_GPT4,11_Claude,0
1438,Expert9,9_NewYorker,11_Claude,1
1439,Expert9,11_Claude,9_NewYorker,0
1440,Expert9,11_GPT4,11_GPT3.5,1
1441,Expert9,11_GPT3.5,11_GPT4,0
1442,Expert9,11_NewYorker,11_GPT3.5,1
1443,Expert9,11_GPT3.5,11_NewYorker,0
1444,Expert9,11_GPT3.5,1_Claude,1
1445,Expert9,1_Claude,11_GPT3.5,0
1446,Expert9,11_GPT3.5,1_GPT3.5,1
1447,Expert9,1_GPT3.5,11_GPT3.5,0
1448,Expert9,1_NewYorker,11_GPT3.5,1
1449,Expert9,11_GPT3.5,1_NewYorker,0
1450,Expert9,11_GPT3.5,3_GPT3.5,1
1451,Expert9,3_GPT3.5,11_GPT3.5,0
1452,Expert9,11_GPT3.5,3_GPT4,1
1453,Expert9,3_GPT4,11_GPT3.5,0
1454,Expert9,3_NewYorker,11_GPT3.5,1
1455,Expert9,11_GPT3.5,3_NewYorker,0
1456,Expert9,4_Claude,11_GPT3.5,1
1457,Expert9,11_GPT3.5,4_Claude,0
1458,Expert9,11_GPT3.5,4_GPT3.5,1
1459,Expert9,4_GPT3.5,11_GPT3.5,0
1460,Expert9,4_GPT4,11_GPT3.5,1
1461,Expert9,11_GPT3.5,4_GPT4,0
1462,Expert9,4_NewYorker,11_GPT3.5,1
1463,Expert9,11_GPT3.5,4_NewYorker,0
1464,Expert9,5_Claude,11_GPT3.5,1
1465,Expert9,11_GPT3.5,5_Claude,0
1466,Expert9,11_GPT3.5,5_GPT3.5,1
1467,Expert9,5_GPT3.5,11_GPT3.5,0
1468,Expert9,11_GPT3.5,5_GPT4,1
1469,Expert9,5_GPT4,11_GPT3.5,0
1470,Expert9,5_NewYorker,11_GPT3.5,1
1471,Expert9,11_GPT3.5,5_NewYorker,0
1472,Expert9,7_Claude,11_GPT3.5,1
1473,Expert9,11_GPT3.5,7_Claude,0
1474,Expert9,11_GPT3.5,7_GPT3.5,1
1475,Expert9,7_GPT3.5,11_GPT3.5,0
1476,Expert9,7_GPT4,11_GPT3.5,1
1477,Expert9,11_GPT3.5,7_GPT4,0
1478,Expert9,7_NewYorker,11_GPT3.5,1
1479,Expert9,11_GPT3.5,7_NewYorker,0
1480,Expert9,8_Claude,11_GPT3.5,1
1481,Expert9,11_GPT3.5,8_Claude,0
1482,Expert9,11_GPT3.5,8_GPT3.5,1
1483,Expert9,8_GPT3.5,11_GPT3.5,0
1484,Expert9,11_GPT3.5,8_GPT4,1
1485,Expert9,8_GPT4,11_GPT3.5,0
1486,Expert9,8_NewYorker,11_GPT3.5,1
1487,Expert9,11_GPT3.5,8_NewYorker,0
1488,Expert9,9_Claude,11_GPT3.5,1
1489,Expert9,11_GPT3.5,9_Claude,0
1490,Expert9,11_GPT3.5,9_GPT3.5,1
1491,Expert9,9_GPT3.5,11_GPT3.5,0
1492,Expert9,11_GPT3.5,9_GPT4,1
1493,Expert9,9_GPT4,11_GPT3.5,0
1494,Expert9,9_NewYorker,11_GPT3.5,1
1495,Expert9,11_GPT3.5,9_NewYorker,0
1496,Expert9,11_NewYorker,11_GPT4,1
1497,Expert9,11_GPT4,11_NewYorker,0
1498,Expert9,11_GPT4,1_Claude,1
1499,Expert9,1_Claude,11_GPT4,0
1500,Expert9,11_GPT4,1_GPT3.5,1
1501,Expert9,1_GPT3.5,11_GPT4,0
1502,Expert9,11_GPT4,1_GPT4,1
1503,Expert9,1_GPT4,11_GPT4,0
1504,Expert9,11_GPT4,3_Claude,1
1505,Expert9,3_Claude,11_GPT4,0
1506,Expert9,11_GPT4,3_GPT3.5,1
1507,Expert9,3_GPT3.5,11_GPT4,0
1508,Expert9,11_GPT4,3_GPT4,1
1509,Expert9,3_GPT4,11_GPT4,0
1510,Expert9,3_NewYorker,11_GPT4,1
1511,Expert9,11_GPT4,3_NewYorker,0
1512,Expert9,11_GPT4,4_Claude,1
1513,Expert9,4_Claude,11_GPT4,0
1514,Expert9,11_GPT4,4_GPT3.5,1
1515,Expert9,4_GPT3.5,11_GPT4,0
1516,Expert9,11_GPT4,4_GPT4,1
1517,Expert9,4_GPT4,11_GPT4,0
1518,Expert9,4_NewYorker,11_GPT4,1
1519,Expert9,11_GPT4,4_NewYorker,0
1520,Expert9,11_GPT4,5_Claude,1
1521,Expert9,5_Claude,11_GPT4,0
1522,Expert9,11_GPT4,5_GPT3.5,1
1523,Expert9,5_GPT3.5,11_GPT4,0
1524,Expert9,11_GPT4,5_GPT4,1
1525,Expert9,5_GPT4,11_GPT4,0
1526,Expert9,5_NewYorker,11_GPT4,1
1527,Expert9,11_GPT4,5_NewYorker,0
1528,Expert9,11_GPT4,7_GPT3.5,1
1529,Expert9,7_GPT3.5,11_GPT4,0
1530,Expert9,11_GPT4,7_GPT4,1
1531,Expert9,7_GPT4,11_GPT4,0
1532,Expert9,7_NewYorker,11_GPT4,1
1533,Expert9,11_GPT4,7_NewYorker,0
1534,Expert9,8_Claude,11_GPT4,1
1535,Expert9,11_GPT4,8_Claude,0
1536,Expert9,11_GPT4,8_GPT3.5,1
1537,Expert9,8_GPT3.5,11_GPT4,0
1538,Expert9,11_GPT4,8_GPT4,1
1539,Expert9,8_GPT4,11_GPT4,0
1540,Expert9,11_GPT4,8_NewYorker,1
1541,Expert9,8_NewYorker,11_GPT4,0
1542,Expert9,11_GPT4,9_Claude,1
1543,Expert9,9_Claude,11_GPT4,0
1544,Expert9,11_GPT4,9_GPT3.5,1
1545,Expert9,9_GPT3.5,11_GPT4,0
1546,Expert9,11_GPT4,9_GPT4,1
1547,Expert9,9_GPT4,11_GPT4,0
1548,Expert9,9_NewYorker,11_GPT4,1
1549,Expert9,11_GPT4,9_NewYorker,0
1550,Expert9,11_NewYorker,1_Claude,1
1551,Expert9,1_Claude,11_NewYorker,0
1552,Expert9,11_NewYorker,1_GPT3.5,1
1553,Expert9,1_GPT3.5,11_NewYorker,0
1554,Expert9,11_NewYorker,1_GPT4,1
1555,Expert9,1_GPT4,11_NewYorker,0
1556,Expert9,11_NewYorker,1_NewYorker,1
1557,Expert9,1_NewYorker,11_NewYorker,0
1558,Expert9,11_NewYorker,3_Claude,1
1559,Expert9,3_Claude,11_NewYorker,0
1560,Expert9,11_NewYorker,3_GPT3.5,1
1561,Expert9,3_GPT3.5,11_NewYorker,0
1562,Expert9,11_NewYorker,3_GPT4,1
1563,Expert9,3_GPT4,11_NewYorker,0
1564,Expert9,11_NewYorker,3_NewYorker,1
1565,Expert9,3_NewYorker,11_NewYorker,0
1566,Expert9,11_NewYorker,4_Claude,1
1567,Expert9,4_Claude,11_NewYorker,0
1568,Expert9,11_NewYorker,4_GPT3.5,1
1569,Expert9,4_GPT3.5,11_NewYorker,0
1570,Expert9,11_NewYorker,4_GPT4,1
1571,Expert9,4_GPT4,11_NewYorker,0
1572,Expert9,11_NewYorker,5_Claude,1
1573,Expert9,5_Claude,11_NewYorker,0
1574,Expert9,11_NewYorker,5_GPT3.5,1
1575,Expert9,5_GPT3.5,11_NewYorker,0
1576,Expert9,11_NewYorker,5_GPT4,1
1577,Expert9,5_GPT4,11_NewYorker,0
1578,Expert9,11_NewYorker,7_Claude,1
1579,Expert9,7_Claude,11_NewYorker,0
1580,Expert9,11_NewYorker,7_GPT3.5,1
1581,Expert9,7_GPT3.5,11_NewYorker,0
1582,Expert9,11_NewYorker,7_GPT4,1
1583,Expert9,7_GPT4,11_NewYorker,0
1584,Expert9,11_NewYorker,7_NewYorker,1
1585,Expert9,7_NewYorker,11_NewYorker,0
1586,Expert9,11_NewYorker,8_Claude,1
1587,Expert9,8_Claude,11_NewYorker,0
1588,Expert9,11_NewYorker,8_GPT3.5,1
1589,Expert9,8_GPT3.5,11_NewYorker,0
1590,Expert9,11_NewYorker,8_GPT4,1
1591,Expert9,8_GPT4,11_NewYorker,0
1592,Expert9,11_NewYorker,8_NewYorker,1
1593,Expert9,8_NewYorker,11_NewYorker,0
1594,Expert9,11_NewYorker,9_Claude,1
1595,Expert9,9_Claude,11_NewYorker,0
1596,Expert9,11_NewYorker,9_GPT3.5,1
1597,Expert9,9_GPT3.5,11_NewYorker,0
1598,Expert9,11_NewYorker,9_GPT4,1
1599,Expert9,9_GPT4,11_NewYorker,0
1600,Expert9,1_GPT3.5,1_Claude,1
1601,Expert9,1_Claude,1_GPT3.5,0
1602,Expert9,1_GPT4,1_Claude,1
1603,Expert9,1_Claude,1_GPT4,0
1604,Expert9,1_NewYorker,1_Claude,1
1605,Expert9,1_Claude,1_NewYorker,0
1606,Expert9,3_Claude,1_Claude,1
1607,Expert9,1_Claude,3_Claude,0
1608,Expert9,3_GPT3.5,1_Claude,1
1609,Expert9,1_Claude,3_GPT3.5,0
1610,Expert9,3_GPT4,1_Claude,1
1611,Expert9,1_Claude,3_GPT4,0
1612,Expert9,3_NewYorker,1_Claude,1
1613,Expert9,1_Claude,3_NewYorker,0
1614,Expert9,4_Claude,1_Claude,1
1615,Expert9,1_Claude,4_Claude,0
1616,Expert9,4_GPT4,1_Claude,1
1617,Expert9,1_Claude,4_GPT4,0
1618,Expert9,4_NewYorker,1_Claude,1
1619,Expert9,1_Claude,4_NewYorker,0
1620,Expert9,5_Claude,1_Claude,1
1621,Expert9,1_Claude,5_Claude,0
1622,Expert9,5_NewYorker,1_Claude,1
1623,Expert9,1_Claude,5_NewYorker,0
1624,Expert9,7_Claude,1_Claude,1
1625,Expert9,1_Claude,7_Claude,0
1626,Expert9,7_GPT4,1_Claude,1
1627,Expert9,1_Claude,7_GPT4,0
1628,Expert9,7_NewYorker,1_Claude,1
1629,Expert9,1_Claude,7_NewYorker,0
1630,Expert9,8_Claude,1_Claude,1
1631,Expert9,1_Claude,8_Claude,0
1632,Expert9,8_GPT3.5,1_Claude,1
1633,Expert9,1_Claude,8_GPT3.5,0
1634,Expert9,8_GPT4,1_Claude,1
1635,Expert9,1_Claude,8_GPT4,0
1636,Expert9,8_NewYorker,1_Claude,1
1637,Expert9,1_Claude,8_NewYorker,0
1638,Expert9,9_Claude,1_Claude,1
1639,Expert9,1_Claude,9_Claude,0
1640,Expert9,9_GPT4,1_Claude,1
1641,Expert9,1_Claude,9_GPT4,0
1642,Expert9,9_NewYorker,1_Claude,1
1643,Expert9,1_Claude,9_NewYorker,0
1644,Expert9,1_GPT4,1_GPT3.5,1
1645,Expert9,1_GPT3.5,1_GPT4,0
1646,Expert9,1_NewYorker,1_GPT3.5,1
1647,Expert9,1_GPT3.5,1_NewYorker,0
1648,Expert9,3_Claude,1_GPT3.5,1
1649,Expert9,1_GPT3.5,3_Claude,0
1650,Expert9,3_GPT4,1_GPT3.5,1
1651,Expert9,1_GPT3.5,3_GPT4,0
1652,Expert9,3_NewYorker,1_GPT3.5,1
1653,Expert9,1_GPT3.5,3_NewYorker,0
1654,Expert9,4_Claude,1_GPT3.5,1
1655,Expert9,1_GPT3.5,4_Claude,0
1656,Expert9,1_GPT3.5,4_GPT3.5,1
1657,Expert9,4_GPT3.5,1_GPT3.5,0
1658,Expert9,4_GPT4,1_GPT3.5,1
1659,Expert9,1_GPT3.5,4_GPT4,0
1660,Expert9,4_NewYorker,1_GPT3.5,1
1661,Expert9,1_GPT3.5,4_NewYorker,0
1662,Expert9,5_Claude,1_GPT3.5,1
1663,Expert9,1_GPT3.5,5_Claude,0
1664,Expert9,1_GPT3.5,5_GPT3.5,1
1665,Expert9,5_GPT3.5,1_GPT3.5,0
1666,Expert9,1_GPT3.5,5_GPT4,1
1667,Expert9,5_GPT4,1_GPT3.5,0
1668,Expert9,5_NewYorker,1_GPT3.5,1
1669,Expert9,1_GPT3.5,5_NewYorker,0
1670,Expert9,7_Claude,1_GPT3.5,1
1671,Expert9,1_GPT3.5,7_Claude,0
1672,Expert9,1_GPT3.5,7_GPT3.5,1
1673,Expert9,7_GPT3.5,1_GPT3.5,0
1674,Expert9,7_GPT4,1_GPT3.5,1
1675,Expert9,1_GPT3.5,7_GPT4,0
1676,Expert9,7_NewYorker,1_GPT3.5,1
1677,Expert9,1_GPT3.5,7_NewYorker,0
1678,Expert9,8_Claude,1_GPT3.5,1
1679,Expert9,1_GPT3.5,8_Claude,0
1680,Expert9,8_GPT3.5,1_GPT3.5,1
1681,Expert9,1_GPT3.5,8_GPT3.5,0
1682,Expert9,8_NewYorker,1_GPT3.5,1
1683,Expert9,1_GPT3.5,8_NewYorker,0
1684,Expert9,9_Claude,1_GPT3.5,1
1685,Expert9,1_GPT3.5,9_Claude,0
1686,Expert9,1_GPT3.5,9_GPT3.5,1
1687,Expert9,9_GPT3.5,1_GPT3.5,0
1688,Expert9,9_GPT4,1_GPT3.5,1
1689,Expert9,1_GPT3.5,9_GPT4,0
1690,Expert9,9_NewYorker,1_GPT3.5,1
1691,Expert9,1_GPT3.5,9_NewYorker,0
1692,Expert9,1_NewYorker,1_GPT4,1
1693,Expert9,1_GPT4,1_NewYorker,0
1694,Expert9,1_GPT4,3_GPT3.5,1
1695,Expert9,3_GPT3.5,1_GPT4,0
1696,Expert9,1_GPT4,3_GPT4,1
1697,Expert9,3_GPT4,1_GPT4,0
1698,Expert9,3_NewYorker,1_GPT4,1
1699,Expert9,1_GPT4,3_NewYorker,0
1700,Expert9,4_Claude,1_GPT4,1
1701,Expert9,1_GPT4,4_Claude,0
1702,Expert9,1_GPT4,4_GPT3.5,1
1703,Expert9,4_GPT3.5,1_GPT4,0
1704,Expert9,4_GPT4,1_GPT4,1
1705,Expert9,1_GPT4,4_GPT4,0
1706,Expert9,4_NewYorker,1_GPT4,1
1707,Expert9,1_GPT4,4_NewYorker,0
1708,Expert9,5_Claude,1_GPT4,1
1709,Expert9,1_GPT4,5_Claude,0
1710,Expert9,1_GPT4,5_GPT3.5,1
1711,Expert9,5_GPT3.5,1_GPT4,0
1712,Expert9,1_GPT4,5_GPT4,1
1713,Expert9,5_GPT4,1_GPT4,0
1714,Expert9,5_NewYorker,1_GPT4,1
1715,Expert9,1_GPT4,5_NewYorker,0
1716,Expert9,7_Claude,1_GPT4,1
1717,Expert9,1_GPT4,7_Claude,0
1718,Expert9,1_GPT4,7_GPT3.5,1
1719,Expert9,7_GPT3.5,1_GPT4,0
1720,Expert9,7_GPT4,1_GPT4,1
1721,Expert9,1_GPT4,7_GPT4,0
1722,Expert9,7_NewYorker,1_GPT4,1
1723,Expert9,1_GPT4,7_NewYorker,0
1724,Expert9,8_Claude,1_GPT4,1
1725,Expert9,1_GPT4,8_Claude,0
1726,Expert9,1_GPT4,8_GPT3.5,1
1727,Expert9,8_GPT3.5,1_GPT4,0
1728,Expert9,1_GPT4,8_GPT4,1
1729,Expert9,8_GPT4,1_GPT4,0
1730,Expert9,8_NewYorker,1_GPT4,1
1731,Expert9,1_GPT4,8_NewYorker,0
1732,Expert9,9_Claude,1_GPT4,1
1733,Expert9,1_GPT4,9_Claude,0
1734,Expert9,1_GPT4,9_GPT3.5,1
1735,Expert9,9_GPT3.5,1_GPT4,0
1736,Expert9,1_GPT4,9_GPT4,1
1737,Expert9,9_GPT4,1_GPT4,0
1738,Expert9,9_NewYorker,1_GPT4,1
1739,Expert9,1_GPT4,9_NewYorker,0
1740,Expert9,1_NewYorker,3_Claude,1
1741,Expert9,3_Claude,1_NewYorker,0
1742,Expert9,1_NewYorker,3_GPT3.5,1
1743,Expert9,3_GPT3.5,1_NewYorker,0
1744,Expert9,1_NewYorker,3_GPT4,1
1745,Expert9,3_GPT4,1_NewYorker,0
1746,Expert9,3_NewYorker,1_NewYorker,1
1747,Expert9,1_NewYorker,3_NewYorker,0
1748,Expert9,1_NewYorker,4_Claude,1
1749,Expert9,4_Claude,1_NewYorker,0
1750,Expert9,1_NewYorker,4_GPT3.5,1
1751,Expert9,4_GPT3.5,1_NewYorker,0
1752,Expert9,1_NewYorker,4_GPT4,1
1753,Expert9,4_GPT4,1_NewYorker,0
1754,Expert9,4_NewYorker,1_NewYorker,1
1755,Expert9,1_NewYorker,4_NewYorker,0
1756,Expert9,1_NewYorker,5_Claude,1
1757,Expert9,5_Claude,1_NewYorker,0
1758,Expert9,1_NewYorker,5_GPT3.5,1
1759,Expert9,5_GPT3.5,1_NewYorker,0
1760,Expert9,1_NewYorker,5_GPT4,1
1761,Expert9,5_GPT4,1_NewYorker,0
1762,Expert9,5_NewYorker,1_NewYorker,1
1763,Expert9,1_NewYorker,5_NewYorker,0
1764,Expert9,1_NewYorker,7_GPT3.5,1
1765,Expert9,7_GPT3.5,1_NewYorker,0
1766,Expert9,1_NewYorker,7_GPT4,1
1767,Expert9,7_GPT4,1_NewYorker,0
1768,Expert9,7_NewYorker,1_NewYorker,1
1769,Expert9,1_NewYorker,7_NewYorker,0
1770,Expert9,8_Claude,1_NewYorker,1
1771,Expert9,1_NewYorker,8_Claude,0
1772,Expert9,1_NewYorker,8_GPT3.5,1
1773,Expert9,8_GPT3.5,1_NewYorker,0
1774,Expert9,1_NewYorker,8_GPT4,1
1775,Expert9,8_GPT4,1_NewYorker,0
1776,Expert9,1_NewYorker,8_NewYorker,1
1777,Expert9,8_NewYorker,1_NewYorker,0
1778,Expert9,1_NewYorker,9_Claude,1
1779,Expert9,9_Claude,1_NewYorker,0
1780,Expert9,1_NewYorker,9_GPT3.5,1
1781,Expert9,9_GPT3.5,1_NewYorker,0
1782,Expert9,1_NewYorker,9_GPT4,1
1783,Expert9,9_GPT4,1_NewYorker,0
1784,Expert9,9_NewYorker,1_NewYorker,1
1785,Expert9,1_NewYorker,9_NewYorker,0
1786,Expert9,3_Claude,3_GPT3.5,1
1787,Expert9,3_GPT3.5,3_Claude,0
1788,Expert9,3_Claude,3_GPT4,1
1789,Expert9,3_GPT4,3_Claude,0
1790,Expert9,3_NewYorker,3_Claude,1
1791,Expert9,3_Claude,3_NewYorker,0
1792,Expert9,4_Claude,3_Claude,1
1793,Expert9,3_Claude,4_Claude,0
1794,Expert9,3_Claude,4_GPT3.5,1
1795,Expert9,4_GPT3.5,3_Claude,0
1796,Expert9,4_GPT4,3_Claude,1
1797,Expert9,3_Claude,4_GPT4,0
1798,Expert9,4_NewYorker,3_Claude,1
1799,Expert9,3_Claude,4_NewYorker,0
1800,Expert9,5_Claude,3_Claude,1
1801,Expert9,3_Claude,5_Claude,0
1802,Expert9,3_Claude,5_GPT3.5,1
1803,Expert9,5_GPT3.5,3_Claude,0
1804,Expert9,3_Claude,5_GPT4,1
1805,Expert9,5_GPT4,3_Claude,0
1806,Expert9,5_NewYorker,3_Claude,1
1807,Expert9,3_Claude,5_NewYorker,0
1808,Expert9,7_Claude,3_Claude,1
1809,Expert9,3_Claude,7_Claude,0
1810,Expert9,3_Claude,7_GPT3.5,1
1811,Expert9,7_GPT3.5,3_Claude,0
1812,Expert9,7_GPT4,3_Claude,1
1813,Expert9,3_Claude,7_GPT4,0
1814,Expert9,7_NewYorker,3_Claude,1
1815,Expert9,3_Claude,7_NewYorker,0
1816,Expert9,8_Claude,3_Claude,1
1817,Expert9,3_Claude,8_Claude,0
1818,Expert9,3_Claude,8_GPT3.5,1
1819,Expert9,8_GPT3.5,3_Claude,0
1820,Expert9,3_Claude,8_GPT4,1
1821,Expert9,8_GPT4,3_Claude,0
1822,Expert9,8_NewYorker,3_Claude,1
1823,Expert9,3_Claude,8_NewYorker,0
1824,Expert9,9_Claude,3_Claude,1
1825,Expert9,3_Claude,9_Claude,0
1826,Expert9,3_Claude,9_GPT3.5,1
1827,Expert9,9_GPT3.5,3_Claude,0
1828,Expert9,3_Claude,9_GPT4,1
1829,Expert9,9_GPT4,3_Claude,0
1830,Expert9,9_NewYorker,3_Claude,1
1831,Expert9,3_Claude,9_NewYorker,0
1832,Expert9,3_GPT4,3_GPT3.5,1
1833,Expert9,3_GPT3.5,3_GPT4,0
1834,Expert9,3_NewYorker,3_GPT3.5,1
1835,Expert9,3_GPT3.5,3_NewYorker,0
1836,Expert9,4_Claude,3_GPT3.5,1
1837,Expert9,3_GPT3.5,4_Claude,0
1838,Expert9,3_GPT3.5,4_GPT3.5,1
1839,Expert9,4_GPT3.5,3_GPT3.5,0
1840,Expert9,4_GPT4,3_GPT3.5,1
1841,Expert9,3_GPT3.5,4_GPT4,0
1842,Expert9,4_NewYorker,3_GPT3.5,1
1843,Expert9,3_GPT3.5,4_NewYorker,0
1844,Expert9,5_Claude,3_GPT3.5,1
1845,Expert9,3_GPT3.5,5_Claude,0
1846,Expert9,3_GPT3.5,5_GPT3.5,1
1847,Expert9,5_GPT3.5,3_GPT3.5,0
1848,Expert9,3_GPT3.5,5_GPT4,1
1849,Expert9,5_GPT4,3_GPT3.5,0
1850,Expert9,5_NewYorker,3_GPT3.5,1
1851,Expert9,3_GPT3.5,5_NewYorker,0
1852,Expert9,7_Claude,3_GPT3.5,1
1853,Expert9,3_GPT3.5,7_Claude,0
1854,Expert9,3_GPT3.5,7_GPT3.5,1
1855,Expert9,7_GPT3.5,3_GPT3.5,0
1856,Expert9,7_GPT4,3_GPT3.5,1
1857,Expert9,3_GPT3.5,7_GPT4,0
1858,Expert9,7_NewYorker,3_GPT3.5,1
1859,Expert9,3_GPT3.5,7_NewYorker,0
1860,Expert9,8_Claude,3_GPT3.5,1
1861,Expert9,3_GPT3.5,8_Claude,0
1862,Expert9,8_GPT3.5,3_GPT3.5,1
1863,Expert9,3_GPT3.5,8_GPT3.5,0
1864,Expert9,8_NewYorker,3_GPT3.5,1
1865,Expert9,3_GPT3.5,8_NewYorker,0
1866,Expert9,9_Claude,3_GPT3.5,1
1867,Expert9,3_GPT3.5,9_Claude,0
1868,Expert9,3_GPT3.5,9_GPT3.5,1
1869,Expert9,9_GPT3.5,3_GPT3.5,0
1870,Expert9,9_GPT4,3_GPT3.5,1
1871,Expert9,3_GPT3.5,9_GPT4,0
1872,Expert9,9_NewYorker,3_GPT3.5,1
1873,Expert9,3_GPT3.5,9_NewYorker,0
1874,Expert9,3_NewYorker,3_GPT4,1
1875,Expert9,3_GPT4,3_NewYorker,0
1876,Expert9,4_Claude,3_GPT4,1
1877,Expert9,3_GPT4,4_Claude,0
1878,Expert9,3_GPT4,4_GPT3.5,1
1879,Expert9,4_GPT3.5,3_GPT4,0
1880,Expert9,4_GPT4,3_GPT4,1
1881,Expert9,3_GPT4,4_GPT4,0
1882,Expert9,4_NewYorker,3_GPT4,1
1883,Expert9,3_GPT4,4_NewYorker,0
1884,Expert9,5_Claude,3_GPT4,1
1885,Expert9,3_GPT4,5_Claude,0
1886,Expert9,3_GPT4,5_GPT3.5,1
1887,Expert9,5_GPT3.5,3_GPT4,0
1888,Expert9,3_GPT4,5_GPT4,1
1889,Expert9,5_GPT4,3_GPT4,0
1890,Expert9,5_NewYorker,3_GPT4,1
1891,Expert9,3_GPT4,5_NewYorker,0
1892,Expert9,7_Claude,3_GPT4,1
1893,Expert9,3_GPT4,7_Claude,0
1894,Expert9,3_GPT4,7_GPT3.5,1
1895,Expert9,7_GPT3.5,3_GPT4,0
1896,Expert9,7_GPT4,3_GPT4,1
1897,Expert9,3_GPT4,7_GPT4,0
1898,Expert9,7_NewYorker,3_GPT4,1
1899,Expert9,3_GPT4,7_NewYorker,0
1900,Expert9,8_Claude,3_GPT4,1
1901,Expert9,3_GPT4,8_Claude,0
1902,Expert9,8_GPT3.5,3_GPT4,1
1903,Expert9,3_GPT4,8_GPT3.5,0
1904,Expert9,3_GPT4,8_GPT4,1
1905,Expert9,8_GPT4,3_GPT4,0
1906,Expert9,8_NewYorker,3_GPT4,1
1907,Expert9,3_GPT4,8_NewYorker,0
1908,Expert9,9_Claude,3_GPT4,1
1909,Expert9,3_GPT4,9_Claude,0
1910,Expert9,3_GPT4,9_GPT3.5,1
1911,Expert9,9_GPT3.5,3_GPT4,0
1912,Expert9,9_NewYorker,3_GPT4,1
1913,Expert9,3_GPT4,9_NewYorker,0
1914,Expert9,3_NewYorker,4_Claude,1
1915,Expert9,4_Claude,3_NewYorker,0
1916,Expert9,3_NewYorker,4_GPT3.5,1
1917,Expert9,4_GPT3.5,3_NewYorker,0
1918,Expert9,3_NewYorker,4_GPT4,1
1919,Expert9,4_GPT4,3_NewYorker,0
1920,Expert9,4_NewYorker,3_NewYorker,1
1921,Expert9,3_NewYorker,4_NewYorker,0
1922,Expert9,3_NewYorker,5_Claude,1
1923,Expert9,5_Claude,3_NewYorker,0
1924,Expert9,3_NewYorker,5_GPT3.5,1
1925,Expert9,5_GPT3.5,3_NewYorker,0
1926,Expert9,3_NewYorker,5_GPT4,1
1927,Expert9,5_GPT4,3_NewYorker,0
1928,Expert9,5_NewYorker,3_NewYorker,1
1929,Expert9,3_NewYorker,5_NewYorker,0
1930,Expert9,3_NewYorker,7_Claude,1
1931,Expert9,7_Claude,3_NewYorker,0
1932,Expert9,3_NewYorker,7_GPT3.5,1
1933,Expert9,7_GPT3.5,3_NewYorker,0
1934,Expert9,3_NewYorker,7_GPT4,1
1935,Expert9,7_GPT4,3_NewYorker,0
1936,Expert9,3_NewYorker,8_Claude,1
1937,Expert9,8_Claude,3_NewYorker,0
1938,Expert9,3_NewYorker,8_GPT3.5,1
1939,Expert9,8_GPT3.5,3_NewYorker,0
1940,Expert9,3_NewYorker,8_GPT4,1
1941,Expert9,8_GPT4,3_NewYorker,0
1942,Expert9,3_NewYorker,8_NewYorker,1
1943,Expert9,8_NewYorker,3_NewYorker,0
1944,Expert9,3_NewYorker,9_Claude,1
1945,Expert9,9_Claude,3_NewYorker,0
1946,Expert9,3_NewYorker,9_GPT3.5,1
1947,Expert9,9_GPT3.5,3_NewYorker,0
1948,Expert9,3_NewYorker,9_GPT4,1
1949,Expert9,9_GPT4,3_NewYorker,0
1950,Expert9,9_NewYorker,3_NewYorker,1
1951,Expert9,3_NewYorker,9_NewYorker,0
1952,Expert9,4_Claude,4_GPT3.5,1
1953,Expert9,4_GPT3.5,4_Claude,0
1954,Expert9,4_Claude,4_GPT4,1
1955,Expert9,4_GPT4,4_Claude,0
1956,Expert9,4_NewYorker,4_Claude,1
1957,Expert9,4_Claude,4_NewYorker,0
1958,Expert9,4_Claude,5_Claude,1
1959,Expert9,5_Claude,4_Claude,0
1960,Expert9,4_Claude,5_GPT3.5,1
1961,Expert9,5_GPT3.5,4_Claude,0
1962,Expert9,4_Claude,5_GPT4,1
1963,Expert9,5_GPT4,4_Claude,0
1964,Expert9,5_NewYorker,4_Claude,1
1965,Expert9,4_Claude,5_NewYorker,0
1966,Expert9,7_Claude,4_Claude,1
1967,Expert9,4_Claude,7_Claude,0
1968,Expert9,4_Claude,7_GPT3.5,1
1969,Expert9,7_GPT3.5,4_Claude,0
1970,Expert9,4_Claude,7_GPT4,1
1971,Expert9,7_GPT4,4_Claude,0
1972,Expert9,7_NewYorker,4_Claude,1
1973,Expert9,4_Claude,7_NewYorker,0
1974,Expert9,8_Claude,4_Claude,1
1975,Expert9,4_Claude,8_Claude,0
1976,Expert9,4_Claude,8_GPT3.5,1
1977,Expert9,8_GPT3.5,4_Claude,0
1978,Expert9,4_Claude,8_GPT4,1
1979,Expert9,8_GPT4,4_Claude,0
1980,Expert9,4_Claude,8_NewYorker,1
1981,Expert9,8_NewYorker,4_Claude,0
1982,Expert9,4_Claude,9_Claude,1
1983,Expert9,9_Claude,4_Claude,0
1984,Expert9,4_Claude,9_GPT3.5,1
1985,Expert9,9_GPT3.5,4_Claude,0
1986,Expert9,4_Claude,9_GPT4,1
1987,Expert9,9_GPT4,4_Claude,0
1988,Expert9,9_NewYorker,4_Claude,1
1989,Expert9,4_Claude,9_NewYorker,0
1990,Expert9,4_GPT4,4_GPT3.5,1
1991,Expert9,4_GPT3.5,4_GPT4,0
1992,Expert9,4_NewYorker,4_GPT3.5,1
1993,Expert9,4_GPT3.5,4_NewYorker,0
1994,Expert9,5_Claude,4_GPT3.5,1
1995,Expert9,4_GPT3.5,5_Claude,0
1996,Expert9,5_NewYorker,4_GPT3.5,1
1997,Expert9,4_GPT3.5,5_NewYorker,0
1998,Expert9,7_Claude,4_GPT3.5,1
1999,Expert9,4_GPT3.5,7_Claude,0
2000,Expert9,7_GPT4,4_GPT3.5,1
2001,Expert9,4_GPT3.5,7_GPT4,0
2002,Expert9,7_NewYorker,4_GPT3.5,1
2003,Expert9,4_GPT3.5,7_NewYorker,0
2004,Expert9,8_Claude,4_GPT3.5,1
2005,Expert9,4_GPT3.5,8_Claude,0
2006,Expert9,8_GPT3.5,4_GPT3.5,1
2007,Expert9,4_GPT3.5,8_GPT3.5,0
2008,Expert9,8_GPT4,4_GPT3.5,1
2009,Expert9,4_GPT3.5,8_GPT4,0
2010,Expert9,8_NewYorker,4_GPT3.5,1
2011,Expert9,4_GPT3.5,8_NewYorker,0
2012,Expert9,9_Claude,4_GPT3.5,1
2013,Expert9,4_GPT3.5,9_Claude,0
2014,Expert9,9_GPT4,4_GPT3.5,1
2015,Expert9,4_GPT3.5,9_GPT4,0
2016,Expert9,9_NewYorker,4_GPT3.5,1
2017,Expert9,4_GPT3.5,9_NewYorker,0
2018,Expert9,4_NewYorker,4_GPT4,1
2019,Expert9,4_GPT4,4_NewYorker,0
2020,Expert9,4_GPT4,5_GPT3.5,1
2021,Expert9,5_GPT3.5,4_GPT4,0
2022,Expert9,4_GPT4,5_GPT4,1
2023,Expert9,5_GPT4,4_GPT4,0
2024,Expert9,5_NewYorker,4_GPT4,1
2025,Expert9,4_GPT4,5_NewYorker,0
2026,Expert9,7_Claude,4_GPT4,1
2027,Expert9,4_GPT4,7_Claude,0
2028,Expert9,4_GPT4,7_GPT3.5,1
2029,Expert9,7_GPT3.5,4_GPT4,0
2030,Expert9,7_NewYorker,4_GPT4,1
2031,Expert9,4_GPT4,7_NewYorker,0
2032,Expert9,8_Claude,4_GPT4,1
2033,Expert9,4_GPT4,8_Claude,0
2034,Expert9,4_GPT4,8_GPT3.5,1
2035,Expert9,8_GPT3.5,4_GPT4,0
2036,Expert9,4_GPT4,8_GPT4,1
2037,Expert9,8_GPT4,4_GPT4,0
2038,Expert9,4_GPT4,9_GPT3.5,1
2039,Expert9,9_GPT3.5,4_GPT4,0
2040,Expert9,4_GPT4,9_GPT4,1
2041,Expert9,9_GPT4,4_GPT4,0
2042,Expert9,9_NewYorker,4_GPT4,1
2043,Expert9,4_GPT4,9_NewYorker,0
2044,Expert9,4_NewYorker,5_Claude,1
2045,Expert9,5_Claude,4_NewYorker,0
2046,Expert9,4_NewYorker,5_GPT3.5,1
2047,Expert9,5_GPT3.5,4_NewYorker,0
2048,Expert9,4_NewYorker,5_GPT4,1
2049,Expert9,5_GPT4,4_NewYorker,0
2050,Expert9,4_NewYorker,7_Claude,1
2051,Expert9,7_Claude,4_NewYorker,0
2052,Expert9,4_NewYorker,7_GPT3.5,1
2053,Expert9,7_GPT3.5,4_NewYorker,0
2054,Expert9,4_NewYorker,7_GPT4,1
2055,Expert9,7_GPT4,4_NewYorker,0
2056,Expert9,4_NewYorker,7_NewYorker,1
2057,Expert9,7_NewYorker,4_NewYorker,0
2058,Expert9,4_NewYorker,8_Claude,1
2059,Expert9,8_Claude,4_NewYorker,0
2060,Expert9,4_NewYorker,8_GPT3.5,1
2061,Expert9,8_GPT3.5,4_NewYorker,0
2062,Expert9,4_NewYorker,8_GPT4,1
2063,Expert9,8_GPT4,4_NewYorker,0
2064,Expert9,4_NewYorker,8_NewYorker,1
2065,Expert9,8_NewYorker,4_NewYorker,0
2066,Expert9,4_NewYorker,9_Claude,1
2067,Expert9,9_Claude,4_NewYorker,0
2068,Expert9,4_NewYorker,9_GPT3.5,1
2069,Expert9,9_GPT3.5,4_NewYorker,0
2070,Expert9,4_NewYorker,9_GPT4,1
2071,Expert9,9_GPT4,4_NewYorker,0
2072,Expert9,5_Claude,5_GPT3.5,1
2073,Expert9,5_GPT3.5,5_Claude,0
2074,Expert9,5_Claude,5_GPT4,1
2075,Expert9,5_GPT4,5_Claude,0
2076,Expert9,5_NewYorker,5_Claude,1
2077,Expert9,5_Claude,5_NewYorker,0
2078,Expert9,7_Claude,5_Claude,1
2079,Expert9,5_Claude,7_Claude,0
2080,Expert9,5_Claude,7_GPT3.5,1
2081,Expert9,7_GPT3.5,5_Claude,0
2082,Expert9,7_NewYorker,5_Claude,1
2083,Expert9,5_Claude,7_NewYorker,0
2084,Expert9,8_Claude,5_Claude,1
2085,Expert9,5_Claude,8_Claude,0
2086,Expert9,5_Claude,8_GPT3.5,1
2087,Expert9,8_GPT3.5,5_Claude,0
2088,Expert9,5_Claude,8_GPT4,1
2089,Expert9,8_GPT4,5_Claude,0
2090,Expert9,5_Claude,9_GPT3.5,1
2091,Expert9,9_GPT3.5,5_Claude,0
2092,Expert9,5_Claude,9_GPT4,1
2093,Expert9,9_GPT4,5_Claude,0
2094,Expert9,9_NewYorker,5_Claude,1
2095,Expert9,5_Claude,9_NewYorker,0
2096,Expert9,5_NewYorker,5_GPT3.5,1
2097,Expert9,5_GPT3.5,5_NewYorker,0
2098,Expert9,7_Claude,5_GPT3.5,1
2099,Expert9,5_GPT3.5,7_Claude,0
2100,Expert9,7_GPT4,5_GPT3.5,1
2101,Expert9,5_GPT3.5,7_GPT4,0
2102,Expert9,7_NewYorker,5_GPT3.5,1
2103,Expert9,5_GPT3.5,7_NewYorker,0
2104,Expert9,8_Claude,5_GPT3.5,1
2105,Expert9,5_GPT3.5,8_Claude,0
2106,Expert9,8_GPT3.5,5_GPT3.5,1
2107,Expert9,5_GPT3.5,8_GPT3.5,0
2108,Expert9,8_GPT4,5_GPT3.5,1
2109,Expert9,5_GPT3.5,8_GPT4,0
2110,Expert9,8_NewYorker,5_GPT3.5,1
2111,Expert9,5_GPT3.5,8_NewYorker,0
2112,Expert9,9_Claude,5_GPT3.5,1
2113,Expert9,5_GPT3.5,9_Claude,0
2114,Expert9,9_GPT4,5_GPT3.5,1
2115,Expert9,5_GPT3.5,9_GPT4,0
2116,Expert9,9_NewYorker,5_GPT3.5,1
2117,Expert9,5_GPT3.5,9_NewYorker,0
2118,Expert9,5_NewYorker,5_GPT4,1
2119,Expert9,5_GPT4,5_NewYorker,0
2120,Expert9,7_Claude,5_GPT4,1
2121,Expert9,5_GPT4,7_Claude,0
2122,Expert9,7_GPT4,5_GPT4,1
2123,Expert9,5_GPT4,7_GPT4,0
2124,Expert9,7_NewYorker,5_GPT4,1
2125,Expert9,5_GPT4,7_NewYorker,0
2126,Expert9,8_Claude,5_GPT4,1
2127,Expert9,5_GPT4,8_Claude,0
2128,Expert9,8_GPT3.5,5_GPT4,1
2129,Expert9,5_GPT4,8_GPT3.5,0
2130,Expert9,8_GPT4,5_GPT4,1
2131,Expert9,5_GPT4,8_GPT4,0
2132,Expert9,8_NewYorker,5_GPT4,1
2133,Expert9,5_GPT4,8_NewYorker,0
2134,Expert9,9_Claude,5_GPT4,1
2135,Expert9,5_GPT4,9_Claude,0
2136,Expert9,9_GPT4,5_GPT4,1
2137,Expert9,5_GPT4,9_GPT4,0
2138,Expert9,9_NewYorker,5_GPT4,1
2139,Expert9,5_GPT4,9_NewYorker,0
2140,Expert9,5_NewYorker,7_Claude,1
2141,Expert9,7_Claude,5_NewYorker,0
2142,Expert9,5_NewYorker,7_GPT3.5,1
2143,Expert9,7_GPT3.5,5_NewYorker,0
2144,Expert9,5_NewYorker,7_GPT4,1
2145,Expert9,7_GPT4,5_NewYorker,0
2146,Expert9,5_NewYorker,7_NewYorker,1
2147,Expert9,7_NewYorker,5_NewYorker,0
2148,Expert9,5_NewYorker,8_Claude,1
2149,Expert9,8_Claude,5_NewYorker,0
2150,Expert9,5_NewYorker,8_GPT3.5,1
2151,Expert9,8_GPT3.5,5_NewYorker,0
2152,Expert9,5_NewYorker,8_GPT4,1
2153,Expert9,8_GPT4,5_NewYorker,0
2154,Expert9,5_NewYorker,8_NewYorker,1
2155,Expert9,8_NewYorker,5_NewYorker,0
2156,Expert9,5_NewYorker,9_Claude,1
2157,Expert9,9_Claude,5_NewYorker,0
2158,Expert9,5_NewYorker,9_GPT3.5,1
2159,Expert9,9_GPT3.5,5_NewYorker,0
2160,Expert9,5_NewYorker,9_GPT4,1
2161,Expert9,9_GPT4,5_NewYorker,0
2162,Expert9,7_Claude,7_GPT3.5,1
2163,Expert9,7_GPT3.5,7_Claude,0
2164,Expert9,7_Claude,7_GPT4,1
2165,Expert9,7_GPT4,7_Claude,0
2166,Expert9,7_NewYorker,7_Claude,1
2167,Expert9,7_Claude,7_NewYorker,0
2168,Expert9,8_Claude,7_Claude,1
2169,Expert9,7_Claude,8_Claude,0
2170,Expert9,7_Claude,8_GPT3.5,1
2171,Expert9,8_GPT3.5,7_Claude,0
2172,Expert9,7_Claude,8_GPT4,1
2173,Expert9,8_GPT4,7_Claude,0
2174,Expert9,7_Claude,8_NewYorker,1
2175,Expert9,8_NewYorker,7_Claude,0
2176,Expert9,7_Claude,9_Claude,1
2177,Expert9,9_Claude,7_Claude,0
2178,Expert9,7_Claude,9_GPT3.5,1
2179,Expert9,9_GPT3.5,7_Claude,0
2180,Expert9,7_Claude,9_GPT4,1
2181,Expert9,9_GPT4,7_Claude,0
2182,Expert9,9_NewYorker,7_Claude,1
2183,Expert9,7_Claude,9_NewYorker,0
2184,Expert9,7_GPT4,7_GPT3.5,1
2185,Expert9,7_GPT3.5,7_GPT4,0
2186,Expert9,7_NewYorker,7_GPT3.5,1
2187,Expert9,7_GPT3.5,7_NewYorker,0
2188,Expert9,8_Claude,7_GPT3.5,1
2189,Expert9,7_GPT3.5,8_Claude,0
2190,Expert9,8_GPT3.5,7_GPT3.5,1
2191,Expert9,7_GPT3.5,8_GPT3.5,0
2192,Expert9,8_GPT4,7_GPT3.5,1
2193,Expert9,7_GPT3.5,8_GPT4,0
2194,Expert9,8_NewYorker,7_GPT3.5,1
2195,Expert9,7_GPT3.5,8_NewYorker,0
2196,Expert9,9_Claude,7_GPT3.5,1
2197,Expert9,7_GPT3.5,9_Claude,0
2198,Expert9,9_GPT4,7_GPT3.5,1
2199,Expert9,7_GPT3.5,9_GPT4,0
2200,Expert9,9_NewYorker,7_GPT3.5,1
2201,Expert9,7_GPT3.5,9_NewYorker,0
2202,Expert9,7_NewYorker,7_GPT4,1
2203,Expert9,7_GPT4,7_NewYorker,0
2204,Expert9,8_Claude,7_GPT4,1
2205,Expert9,7_GPT4,8_Claude,0
2206,Expert9,7_GPT4,8_GPT3.5,1
2207,Expert9,8_GPT3.5,7_GPT4,0
2208,Expert9,7_GPT4,8_GPT4,1
2209,Expert9,8_GPT4,7_GPT4,0
2210,Expert9,7_GPT4,9_GPT3.5,1
2211,Expert9,9_GPT3.5,7_GPT4,0
2212,Expert9,7_GPT4,9_GPT4,1
2213,Expert9,9_GPT4,7_GPT4,0
2214,Expert9,9_NewYorker,7_GPT4,1
2215,Expert9,7_GPT4,9_NewYorker,0
2216,Expert9,7_NewYorker,8_Claude,1
2217,Expert9,8_Claude,7_NewYorker,0
2218,Expert9,7_NewYorker,8_GPT3.5,1
2219,Expert9,8_GPT3.5,7_NewYorker,0
2220,Expert9,7_NewYorker,8_GPT4,1
2221,Expert9,8_GPT4,7_NewYorker,0
2222,Expert9,7_NewYorker,8_NewYorker,1
2223,Expert9,8_NewYorker,7_NewYorker,0
2224,Expert9,7_NewYorker,9_Claude,1
2225,Expert9,9_Claude,7_NewYorker,0
2226,Expert9,7_NewYorker,9_GPT3.5,1
2227,Expert9,9_GPT3.5,7_NewYorker,0
2228,Expert9,7_NewYorker,9_GPT4,1
2229,Expert9,9_GPT4,7_NewYorker,0
2230,Expert9,9_NewYorker,7_NewYorker,1
2231,Expert9,7_NewYorker,9_NewYorker,0
2232,Expert9,8_Claude,8_GPT3.5,1
2233,Expert9,8_GPT3.5,8_Claude,0
2234,Expert9,8_Claude,8_GPT4,1
2235,Expert9,8_GPT4,8_Claude,0
2236,Expert9,8_Claude,8_NewYorker,1
2237,Expert9,8_NewYorker,8_Claude,0
2238,Expert9,8_Claude,9_Claude,1
2239,Expert9,9_Claude,8_Claude,0
2240,Expert9,8_Claude,9_GPT3.5,1
2241,Expert9,9_GPT3.5,8_Claude,0
2242,Expert9,8_Claude,9_GPT4,1
2243,Expert9,9_GPT4,8_Claude,0
2244,Expert9,9_NewYorker,8_Claude,1
2245,Expert9,8_Claude,9_NewYorker,0
2246,Expert9,8_GPT3.5,8_GPT4,1
2247,Expert9,8_GPT4,8_GPT3.5,0
2248,Expert9,8_NewYorker,8_GPT3.5,1
2249,Expert9,8_GPT3.5,8_NewYorker,0
2250,Expert9,9_Claude,8_GPT3.5,1
2251,Expert9,8_GPT3.5,9_Claude,0
2252,Expert9,8_GPT3.5,9_GPT3.5,1
2253,Expert9,9_GPT3.5,8_GPT3.5,0
2254,Expert9,8_GPT3.5,9_GPT4,1
2255,Expert9,9_GPT4,8_GPT3.5,0
2256,Expert9,9_NewYorker,8_GPT3.5,1
2257,Expert9,8_GPT3.5,9_NewYorker,0
2258,Expert9,8_NewYorker,8_GPT4,1
2259,Expert9,8_GPT4,8_NewYorker,0
2260,Expert9,9_Claude,8_GPT4,1
2261,Expert9,8_GPT4,9_Claude,0
2262,Expert9,8_GPT4,9_GPT3.5,1
2263,Expert9,9_GPT3.5,8_GPT4,0
2264,Expert9,9_GPT4,8_GPT4,1
2265,Expert9,8_GPT4,9_GPT4,0
2266,Expert9,9_NewYorker,8_GPT4,1
2267,Expert9,8_GPT4,9_NewYorker,0
2268,Expert9,8_NewYorker,9_GPT3.5,1
2269,Expert9,9_GPT3.5,8_NewYorker,0
2270,Expert9,8_NewYorker,9_GPT4,1
2271,Expert9,9_GPT4,8_NewYorker,0
2272,Expert9,9_NewYorker,8_NewYorker,1
2273,Expert9,8_NewYorker,9_NewYorker,0
2274,Expert9,9_Claude,9_GPT3.5,1
2275,Expert9,9_GPT3.5,9_Claude,0
2276,Expert9,9_Claude,9_GPT4,1
2277,Expert9,9_GPT4,9_Claude,0
2278,Expert9,9_NewYorker,9_Claude,1
2279,Expert9,9_Claude,9_NewYorker,0
2280,Expert9,9_GPT4,9_GPT3.5,1
2281,Expert9,9_GPT3.5,9_GPT4,0
2282,Expert9,9_NewYorker,9_GPT3.5,1
2283,Expert9,9_GPT3.5,9_NewYorker,0
2284,Expert9,9_NewYorker,9_GPT4,1
2285,Expert9,9_GPT4,9_NewYorker,0
2286,Expert10,10_Claude,10_GPT3.5,1
2287,Expert10,10_GPT3.5,10_Claude,0
2288,Expert10,10_Claude,10_GPT4,1
2289,Expert10,10_GPT4,10_Claude,0
2290,Expert10,10_NewYorker,10_Claude,1
2291,Expert10,10_Claude,10_NewYorker,0
2292,Expert10,10_Claude,3_Claude,1
2293,Expert10,3_Claude,10_Claude,0
2294,Expert10,10_Claude,3_GPT3.5,1
2295,Expert10,3_GPT3.5,10_Claude,0
2296,Expert10,10_Claude,3_GPT4,1
2297,Expert10,3_GPT4,10_Claude,0
2298,Expert10,3_NewYorker,10_Claude,1
2299,Expert10,10_Claude,3_NewYorker,0
2300,Expert10,10_Claude,6_Claude,1
2301,Expert10,6_Claude,10_Claude,0
2302,Expert10,10_Claude,6_GPT3.5,1
2303,Expert10,6_GPT3.5,10_Claude,0
2304,Expert10,10_Claude,6_GPT4,1
2305,Expert10,6_GPT4,10_Claude,0
2306,Expert10,6_NewYorker,10_Claude,1
2307,Expert10,10_Claude,6_NewYorker,0
2308,Expert10,10_Claude,9_Claude,1
2309,Expert10,9_Claude,10_Claude,0
2310,Expert10,10_Claude,9_GPT3.5,1
2311,Expert10,9_GPT3.5,10_Claude,0
2312,Expert10,10_Claude,9_GPT4,1
2313,Expert10,9_GPT4,10_Claude,0
2314,Expert10,9_NewYorker,10_Claude,1
2315,Expert10,10_Claude,9_NewYorker,0
2316,Expert10,10_NewYorker,10_GPT3.5,1
2317,Expert10,10_GPT3.5,10_NewYorker,0
2318,Expert10,3_GPT4,10_GPT3.5,1
2319,Expert10,10_GPT3.5,3_GPT4,0
2320,Expert10,3_NewYorker,10_GPT3.5,1
2321,Expert10,10_GPT3.5,3_NewYorker,0
2322,Expert10,6_Claude,10_GPT3.5,1
2323,Expert10,10_GPT3.5,6_Claude,0
2324,Expert10,6_GPT4,10_GPT3.5,1
2325,Expert10,10_GPT3.5,6_GPT4,0
2326,Expert10,6_NewYorker,10_GPT3.5,1
2327,Expert10,10_GPT3.5,6_NewYorker,0
2328,Expert10,9_NewYorker,10_GPT3.5,1
2329,Expert10,10_GPT3.5,9_NewYorker,0
2330,Expert10,10_NewYorker,10_GPT4,1
2331,Expert10,10_GPT4,10_NewYorker,0
2332,Expert10,3_GPT4,10_GPT4,1
2333,Expert10,10_GPT4,3_GPT4,0
2334,Expert10,3_NewYorker,10_GPT4,1
2335,Expert10,10_GPT4,3_NewYorker,0
2336,Expert10,6_Claude,10_GPT4,1
2337,Expert10,10_GPT4,6_Claude,0
2338,Expert10,6_GPT4,10_GPT4,1
2339,Expert10,10_GPT4,6_GPT4,0
2340,Expert10,6_NewYorker,10_GPT4,1
2341,Expert10,10_GPT4,6_NewYorker,0
2342,Expert10,9_NewYorker,10_GPT4,1
2343,Expert10,10_GPT4,9_NewYorker,0
2344,Expert10,10_NewYorker,3_Claude,1
2345,Expert10,3_Claude,10_NewYorker,0
2346,Expert10,10_NewYorker,3_GPT3.5,1
2347,Expert10,3_GPT3.5,10_NewYorker,0
2348,Expert10,10_NewYorker,3_GPT4,1
2349,Expert10,3_GPT4,10_NewYorker,0
2350,Expert10,10_NewYorker,3_NewYorker,1
2351,Expert10,3_NewYorker,10_NewYorker,0
2352,Expert10,10_NewYorker,6_Claude,1
2353,Expert10,6_Claude,10_NewYorker,0
2354,Expert10,10_NewYorker,6_GPT3.5,1
2355,Expert10,6_GPT3.5,10_NewYorker,0
2356,Expert10,10_NewYorker,6_GPT4,1
2357,Expert10,6_GPT4,10_NewYorker,0
2358,Expert10,10_NewYorker,9_Claude,1
2359,Expert10,9_Claude,10_NewYorker,0
2360,Expert10,10_NewYorker,9_GPT3.5,1
2361,Expert10,9_GPT3.5,10_NewYorker,0
2362,Expert10,10_NewYorker,9_GPT4,1
2363,Expert10,9_GPT4,10_NewYorker,0
2364,Expert10,3_GPT4,3_Claude,1
2365,Expert10,3_Claude,3_GPT4,0
2366,Expert10,3_NewYorker,3_Claude,1
2367,Expert10,3_Claude,3_NewYorker,0
2368,Expert10,6_Claude,3_Claude,1
2369,Expert10,3_Claude,6_Claude,0
2370,Expert10,6_GPT4,3_Claude,1
2371,Expert10,3_Claude,6_GPT4,0
2372,Expert10,6_NewYorker,3_Claude,1
2373,Expert10,3_Claude,6_NewYorker,0
2374,Expert10,9_NewYorker,3_Claude,1
2375,Expert10,3_Claude,9_NewYorker,0
2376,Expert10,3_GPT4,3_GPT3.5,1
2377,Expert10,3_GPT3.5,3_GPT4,0
2378,Expert10,3_NewYorker,3_GPT3.5,1
2379,Expert10,3_GPT3.5,3_NewYorker,0
2380,Expert10,6_Claude,3_GPT3.5,1
2381,Expert10,3_GPT3.5,6_Claude,0
2382,Expert10,6_GPT4,3_GPT3.5,1
2383,Expert10,3_GPT3.5,6_GPT4,0
2384,Expert10,6_NewYorker,3_GPT3.5,1
2385,Expert10,3_GPT3.5,6_NewYorker,0
2386,Expert10,9_NewYorker,3_GPT3.5,1
2387,Expert10,3_GPT3.5,9_NewYorker,0
2388,Expert10,3_NewYorker,3_GPT4,1
2389,Expert10,3_GPT4,3_NewYorker,0
2390,Expert10,3_GPT4,6_Claude,1
2391,Expert10,6_Claude,3_GPT4,0
2392,Expert10,3_GPT4,6_GPT3.5,1
2393,Expert10,6_GPT3.5,3_GPT4,0
2394,Expert10,3_GPT4,6_GPT4,1
2395,Expert10,6_GPT4,3_GPT4,0
2396,Expert10,6_NewYorker,3_GPT4,1
2397,Expert10,3_GPT4,6_NewYorker,0
2398,Expert10,3_GPT4,9_Claude,1
2399,Expert10,9_Claude,3_GPT4,0
2400,Expert10,3_GPT4,9_GPT3.5,1
2401,Expert10,9_GPT3.5,3_GPT4,0
2402,Expert10,3_GPT4,9_GPT4,1
2403,Expert10,9_GPT4,3_GPT4,0
2404,Expert10,9_NewYorker,3_GPT4,1
2405,Expert10,3_GPT4,9_NewYorker,0
2406,Expert10,3_NewYorker,6_Claude,1
2407,Expert10,6_Claude,3_NewYorker,0
2408,Expert10,3_NewYorker,6_GPT3.5,1
2409,Expert10,6_GPT3.5,3_NewYorker,0
2410,Expert10,3_NewYorker,6_GPT4,1
2411,Expert10,6_GPT4,3_NewYorker,0
2412,Expert10,6_NewYorker,3_NewYorker,1
2413,Expert10,3_NewYorker,6_NewYorker,0
2414,Expert10,3_NewYorker,9_Claude,1
2415,Expert10,9_Claude,3_NewYorker,0
2416,Expert10,3_NewYorker,9_GPT3.5,1
2417,Expert10,9_GPT3.5,3_NewYorker,0
2418,Expert10,3_NewYorker,9_GPT4,1
2419,Expert10,9_GPT4,3_NewYorker,0
2420,Expert10,9_NewYorker,3_NewYorker,1
2421,Expert10,3_NewYorker,9_NewYorker,0
2422,Expert10,6_Claude,6_GPT3.5,1
2423,Expert10,6_GPT3.5,6_Claude,0
2424,Expert10,6_NewYorker,6_Claude,1
2425,Expert10,6_Claude,6_NewYorker,0
2426,Expert10,6_Claude,9_Claude,1
2427,Expert10,9_Claude,6_Claude,0
2428,Expert10,6_Claude,9_GPT3.5,1
2429,Expert10,9_GPT3.5,6_Claude,0
2430,Expert10,6_Claude,9_GPT4,1
2431,Expert10,9_GPT4,6_Claude,0
2432,Expert10,9_NewYorker,6_Claude,1
2433,Expert10,6_Claude,9_NewYorker,0
2434,Expert10,6_GPT4,6_GPT3.5,1
2435,Expert10,6_GPT3.5,6_GPT4,0
2436,Expert10,6_NewYorker,6_GPT3.5,1
2437,Expert10,6_GPT3.5,6_NewYorker,0
2438,Expert10,9_NewYorker,6_GPT3.5,1
2439,Expert10,6_GPT3.5,9_NewYorker,0
2440,Expert10,6_NewYorker,6_GPT4,1
2441,Expert10,6_GPT4,6_NewYorker,0
2442,Expert10,6_GPT4,9_Claude,1
2443,Expert10,9_Claude,6_GPT4,0
2444,Expert10,6_GPT4,9_GPT3.5,1
2445,Expert10,9_GPT3.5,6_GPT4,0
2446,Expert10,6_GPT4,9_GPT4,1
2447,Expert10,9_GPT4,6_GPT4,0
2448,Expert10,9_NewYorker,6_GPT4,1
2449,Expert10,6_GPT4,9_NewYorker,0
2450,Expert10,6_NewYorker,9_Claude,1
2451,Expert10,9_Claude,6_NewYorker,0
2452,Expert10,6_NewYorker,9_GPT3.5,1
2453,Expert10,9_GPT3.5,6_NewYorker,0
2454,Expert10,6_NewYorker,9_GPT4,1
2455,Expert10,9_GPT4,6_NewYorker,0
2456,Expert10,9_NewYorker,9_Claude,1
2457,Expert10,9_Claude,9_NewYorker,0
2458,Expert10,9_NewYorker,9_GPT3.5,1
2459,Expert10,9_GPT3.5,9_NewYorker,0
2460,Expert10,9_NewYorker,9_GPT4,1
2461,Expert10,9_GPT4,9_NewYorker,0
